From;
To;
Subject;
Date;
john.arnold@enron.com;
slafontaine@globalp.com;
re:spreads;
Wed, 13 Dec 2000 13:09:00 -0800 (PST);
john.arnold@enron.com;
slafontaine@globalp.com;
re:summer inverses;
Mon, 11 Dec 2000 08:51:00 -0800 (PST);
john.arnold@enron.com;
jennifer.fraser@enron.com;
Re: congrats;
Tue, 17 Oct 2000 11:56:00 -0700 (PDT);
john.arnold@enron.com;
jenwhite7@zdnetonebox.com;
Re: Hi;
Tue, 17 Oct 2000 10:36:00 -0700 (PDT);
john.arnold@enron.com;
msagel@home.com;
Re: Thursday meeting;
Tue, 17 Oct 2000 10:33:00 -0700 (PDT);
john.arnold@enron.com;
msagel@home.com;
Re: Thursday meeting;
Tue, 17 Oct 2000 09:53:00 -0700 (PDT);
john.arnold@enron.com;
margaret.allen@enron.com;
Re:;
Tue, 17 Oct 2000 07:14:00 -0700 (PDT);
john.arnold@enron.com;
margaret.allen@enron.com;
;
Tue, 17 Oct 2000 05:06:00 -0700 (PDT);
john.arnold@enron.com;
sarah.wesner@enron.com;
Re: Margin Lines;
Mon, 16 Oct 2000 06:43:00 -0700 (PDT);
john.arnold@enron.com;
ina.rangel@enron.com;
Re: John Arnold's PC;
Mon, 16 Oct 2000 05:40:00 -0700 (PDT);
john.arnold@enron.com;
ina.rangel@enron.com;
Executive Reports Viewer: NEW LOCATION;
Sat, 14 Oct 2000 10:13:00 -0700 (PDT);
john.arnold@enron.com;
savita.puthigai@enron.com;
Re: Sunday Trading;
Sat, 14 Oct 2000 10:12:00 -0700 (PDT);
john.arnold@enron.com;
john.lavorato@enron.com;
Re:;
Mon, 11 Dec 2000 08:10:00 -0800 (PST);
john.arnold@enron.com;
margaret.allen@enron.com;
Re: Last night;
Sat, 14 Oct 2000 10:02:00 -0700 (PDT);
john.arnold@enron.com;
slafontaine@globalp.com;
Re: mkts;
Sat, 14 Oct 2000 10:00:00 -0700 (PDT);
john.arnold@enron.com;
margaret.allen@enron.com;
Re: Last night;
Fri, 13 Oct 2000 09:25:00 -0700 (PDT);
john.arnold@enron.com;
jeffrey.shankman@enron.com;
Re:;
Fri, 13 Oct 2000 05:59:00 -0700 (PDT);
john.arnold@enron.com;
margaret.allen@enron.com;
Re: Last night;
Fri, 13 Oct 2000 05:59:00 -0700 (PDT);
john.arnold@enron.com;
gary.hickerson@enron.com;
;
Thu, 12 Oct 2000 10:54:00 -0700 (PDT);
john.arnold@enron.com;
mbarksda@ems.jsc.nasa.gov;
RE: (no subject);
Sun, 8 Oct 2000 07:01:00 -0700 (PDT);
john.arnold@enron.com;
jennifer.fraser@enron.com;
Re:;
Wed, 4 Oct 2000 09:04:00 -0700 (PDT);
john.arnold@enron.com;
jeannine.peaker@idrc.org;
RE: (no subject);
Wed, 13 Sep 2000 00:30:00 -0700 (PDT);
john.arnold@enron.com;
frank.hayden@enron.com;
Re: Re Larry May - REVISEDCc: susan.scott@enron.com, dutch.quigley@enron.com, jeffrey.gossett@enron.com;
Fri, 14 Jul 2000 11:27:00 -0700 (PDT);
john.arnold@enron.com;
jennifer.burns@enron.com;
Re:;
Thu, 12 Oct 2000 10:49:00 -0700 (PDT);
john.arnold@enron.com;
gary.taylor@enron.com;
Re: SMUD deal Asian options;
Thu, 12 Oct 2000 09:08:00 -0700 (PDT);
john.arnold@enron.com;
jennifer.burns@enron.com;
Re:;
Thu, 12 Oct 2000 09:06:00 -0700 (PDT);
john.arnold@enron.com;
jennifer.burns@enron.com;
;
Thu, 12 Oct 2000 08:38:00 -0700 (PDT);
john.arnold@enron.com;
john.lavorato@enron.com;
;
Mon, 11 Dec 2000 03:58:00 -0800 (PST);
john.arnold@enron.com;
ina.rangel@enron.com;
Re: Follow - Up;
Thu, 12 Oct 2000 08:38:00 -0700 (PDT);
john.arnold@enron.com;
david.forster@enron.com;
Re: Popup Text;
Thu, 12 Oct 2000 08:36:00 -0700 (PDT);
john.arnold@enron.com;
michael.byrne@americas.bnpparibas.com;
Re: BNP PARIBAS Commodity Futures Weekly AGA Survey;
Wed, 11 Oct 2000 03:16:00 -0700 (PDT);
john.arnold@enron.com;
airam.arteaga@enron.com;
Re: Var, Reporting and Resources Meeting;
Wed, 11 Oct 2000 03:16:00 -0700 (PDT);
john.arnold@enron.com;
margaret.allen@enron.com;
;
Wed, 11 Oct 2000 03:14:00 -0700 (PDT);
john.arnold@enron.com;
jennifer.burns@enron.com;
;
Wed, 11 Oct 2000 02:02:00 -0700 (PDT);
john.arnold@enron.com;
sheetal.patel@enron.com;
Re: Offers;
Tue, 10 Oct 2000 06:40:00 -0700 (PDT);
john.arnold@enron.com;
margaret.allen@enron.com;
Re: Substantiation for EOL;
Tue, 10 Oct 2000 06:38:00 -0700 (PDT);
john.arnold@enron.com;
margaret.allen@enron.com;
Re: Substantiation for EOL;
Tue, 10 Oct 2000 05:02:00 -0700 (PDT);
john.arnold@enron.com;
jennifer.fraser@enron.com;
Re: Admin Issues;
Tue, 10 Oct 2000 04:59:00 -0700 (PDT);
john.arnold@enron.com;
john.lavorato@enron.com;
Burning Fat;
Fri, 8 Dec 2000 07:48:00 -0800 (PST);
john.arnold@enron.com;
john.griffith@enron.com;
;
Mon, 9 Oct 2000 08:09:00 -0700 (PDT);
john.arnold@enron.com;
jennifer.burns@enron.com;
Re: Hmmmmm........;
Mon, 9 Oct 2000 04:23:00 -0700 (PDT);
john.arnold@enron.com;
kevin.presto@enron.com;
Re:;
Sun, 8 Oct 2000 07:07:00 -0700 (PDT);
john.arnold@enron.com;
gary.taylor@enron.com;
Re: SMUD deal Asian options;
Sun, 8 Oct 2000 07:05:00 -0700 (PDT);
john.arnold@enron.com;
adam.r.bayer@vanderbilt.edu;
Re: Thank you for dinner last night;
Fri, 6 Oct 2000 08:41:00 -0700 (PDT);
john.arnold@enron.com;
brian.hoskins@enron.com;
Re: Demo;
Fri, 6 Oct 2000 05:31:00 -0700 (PDT);
john.arnold@enron.com;
david.pruner@enron.com;
Re: options information;
Fri, 6 Oct 2000 05:29:00 -0700 (PDT);
john.arnold@enron.com;
brian.hoskins@enron.com;
Re: Demo;
Thu, 5 Oct 2000 11:05:00 -0700 (PDT);
john.arnold@enron.com;
brian.hoskins@enron.com;
Re: Demo;
Thu, 5 Oct 2000 11:04:00 -0700 (PDT);
john.arnold@enron.com;
slafontaine@globalp.com;
Re: aug/sep;
Thu, 5 Oct 2000 08:09:00 -0700 (PDT);
john.arnold@enron.com;
greg.whalley@enron.com, john.lavorato@enron.com, louise.kitchen@enron.com;
;
Thu, 7 Dec 2000 07:12:00 -0800 (PST);
john.arnold@enron.com;
hunter.shively@enron.com, jonathan.mckay@enron.com;
RE: WEFA's Outlook for Natural Gas;
Wed, 4 Oct 2000 09:18:00 -0700 (PDT);
john.arnold@enron.com;
jennifer.fraser@enron.com;
RE: WEFA's Outlook for Natural Gas;
Wed, 4 Oct 2000 09:18:00 -0700 (PDT);
john.arnold@enron.com;
ina.rangel@enron.com;
Re: requirement document;
Wed, 4 Oct 2000 09:12:00 -0700 (PDT);
john.arnold@enron.com;
msagel@home.com;
Re: Natural update;
Wed, 4 Oct 2000 09:11:00 -0700 (PDT);
john.arnold@enron.com;
kevin.presto@enron.com;
;
Wed, 4 Oct 2000 09:01:00 -0700 (PDT);
john.arnold@enron.com;
zyft02@yahoo.com;
Re: TEST;
Wed, 4 Oct 2000 03:37:00 -0700 (PDT);
john.arnold@enron.com;
sarah.wesner@enron.com;
Re: ABN;
Wed, 4 Oct 2000 01:23:00 -0700 (PDT);
john.arnold@enron.com;
msagel@home.com;
Re: Natural update;
Wed, 4 Oct 2000 01:14:00 -0700 (PDT);
john.arnold@enron.com;
dutch.quigley@enron.com;
;
Tue, 3 Oct 2000 06:44:00 -0700 (PDT);
john.arnold@enron.com;
john.griffith@enron.com;
Cc: larry.may@enron.com, mike.maggi@enron.com;
Mon, 2 Oct 2000 05:06:00 -0700 (PDT);
john.arnold@enron.com;
caroline.abramo@enron.com;
Re: microphone to houston;
Wed, 6 Dec 2000 22:02:00 -0800 (PST);
john.arnold@enron.com;
russell.diamond@enron.com;
small ventures usa;
Fri, 29 Sep 2000 10:35:00 -0700 (PDT);
john.arnold@enron.com;
ina.rangel@enron.com;
Nigel Patterson;
Fri, 29 Sep 2000 09:56:00 -0700 (PDT);
john.arnold@enron.com;
andy.zipper@enron.com;
;
Fri, 29 Sep 2000 09:54:00 -0700 (PDT);
john.arnold@enron.com;
jeffrey.shankman@enron.com;
;
Fri, 29 Sep 2000 06:11:00 -0700 (PDT);
john.arnold@enron.com;
dutch.quigley@enron.com, errol.mclaughlin@enron.com;
;
Thu, 28 Sep 2000 10:55:00 -0700 (PDT);
john.arnold@enron.com;
margaret.allen@enron.com;
Re: Commercials;
Thu, 28 Sep 2000 10:48:00 -0700 (PDT);
john.arnold@enron.com;
kori.loibl@enron.com;
Re:;
Thu, 28 Sep 2000 10:42:00 -0700 (PDT);
john.arnold@enron.com;
brian.hoskins@enron.com;
Re: requirement documentCc: allen.elliott@enron.com, fangming.zhu@enron.com;
Thu, 28 Sep 2000 10:41:00 -0700 (PDT);
john.arnold@enron.com;
jennifer.fraser@enron.com;
Re: PIRA Annual Seminar Preview;
Thu, 28 Sep 2000 10:38:00 -0700 (PDT);
john.arnold@enron.com;
john.arnold@enron.com;
test;
Thu, 28 Sep 2000 09:16:00 -0700 (PDT);
john.arnold@enron.com;
slafontaine@globalp.com;
re:summer inverses;
Wed, 6 Dec 2000 21:38:00 -0800 (PST);
john.arnold@enron.com;
jim.schwieger@enron.com;
;
Thu, 28 Sep 2000 02:04:00 -0700 (PDT);
john.arnold@enron.com;
ina.rangel@enron.com;
;
Wed, 27 Sep 2000 11:44:00 -0700 (PDT);
john.arnold@enron.com;
pfse@dynegy.com;
Re: Evening;
Wed, 27 Sep 2000 10:45:00 -0700 (PDT);
john.arnold@enron.com;
mike.maggi@enron.com;
Re: Commercials;
Wed, 27 Sep 2000 08:27:00 -0700 (PDT);
john.arnold@enron.com;
margaret.allen@enron.com;
Re: Commercials;
Wed, 27 Sep 2000 05:29:00 -0700 (PDT);
john.arnold@enron.com;
joseph.deffner@enron.com;
Re:;
Wed, 27 Sep 2000 05:06:00 -0700 (PDT);
john.arnold@enron.com;
mike.maggi@enron.com;
Commercials;
Wed, 27 Sep 2000 04:12:00 -0700 (PDT);
john.arnold@enron.com;
frank.hayden@enron.com;
Re: Stress Test;
Tue, 26 Sep 2000 12:26:00 -0700 (PDT);
john.arnold@enron.com;
eleanor.fraser.2002@anderson.ucla.edu;
Re: ??;
Tue, 26 Sep 2000 12:23:00 -0700 (PDT);
john.arnold@enron.com;
hrobertson@hbk.com;
RE: Young John?;
Tue, 26 Sep 2000 12:17:00 -0700 (PDT);
john.arnold@enron.com;
slafontaine@globalp.com;
Re: mar/apr;
Wed, 6 Dec 2000 21:37:00 -0800 (PST);
john.arnold@enron.com;
sunil.dalal@enron.com;
Re:;
Tue, 26 Sep 2000 12:15:00 -0700 (PDT);
john.arnold@enron.com;
ben.glisan@enron.com;
;
Tue, 26 Sep 2000 12:12:00 -0700 (PDT);
john.arnold@enron.com;
msagel@home.com;
Re: natural update;
Tue, 26 Sep 2000 11:29:00 -0700 (PDT);
john.arnold@enron.com;
james_naughton@em.fcnbd.com;
Re:;
Tue, 26 Sep 2000 11:17:00 -0700 (PDT);
john.arnold@enron.com;
margaret.allen@enron.com;
Re: Screen shots;
Tue, 26 Sep 2000 11:16:00 -0700 (PDT);
john.arnold@enron.com;
ina.rangel@enron.com;
Mario De La Ossa;
Tue, 26 Sep 2000 04:04:00 -0700 (PDT);
john.arnold@enron.com;
hrobertson@hbk.com;
RE: Young John?;
Mon, 25 Sep 2000 10:23:00 -0700 (PDT);
john.arnold@enron.com;
eric.thode@enron.com;
;
Mon, 25 Sep 2000 10:16:00 -0700 (PDT);
john.arnold@enron.com;
slafontaine@globalp.com;
Re: sept 29th;
Mon, 25 Sep 2000 10:15:00 -0700 (PDT);
john.arnold@enron.com;
mike.maggi@enron.com;
FW: The today show!!!!!;
Mon, 25 Sep 2000 09:50:00 -0700 (PDT);
john.arnold@enron.com;
jim.schwieger@enron.com;
Re: For What It's Worth.;
Wed, 6 Dec 2000 21:34:00 -0800 (PST);
john.arnold@enron.com;
kori.loibl@enron.com;
Re: Desk Dinner;
Mon, 25 Sep 2000 09:46:00 -0700 (PDT);
john.arnold@enron.com;
jennifer.fraser@enron.com;
Re: Electricity and Natural Gas hedging;
Mon, 25 Sep 2000 07:19:00 -0700 (PDT);
john.arnold@enron.com;
jennifer.fraser@enron.com;
Electricity and Natural Gas hedging;
Mon, 25 Sep 2000 00:24:00 -0700 (PDT);
john.arnold@enron.com;
john.lavorato@enron.com, jeffrey.shankman@enron.com;
;
Wed, 20 Sep 2000 03:40:00 -0700 (PDT);
john.arnold@enron.com;
brian.hoskins@enron.com;
We need your feedback regarding the demonstrations you attended.;
Tue, 19 Sep 2000 10:34:00 -0700 (PDT);
john.arnold@enron.com;
frank.hayden@enron.com;
Re:;
Tue, 19 Sep 2000 10:33:00 -0700 (PDT);
john.arnold@enron.com;
jeffrey.shankman@enron.com;
;
Tue, 19 Sep 2000 05:21:00 -0700 (PDT);
john.arnold@enron.com;
sarah.wesner@enron.com;
Re: Margin Lines project;
Mon, 18 Sep 2000 10:20:00 -0700 (PDT);
john.arnold@enron.com;
greg.whalley@enron.com;
;
Mon, 18 Sep 2000 08:52:00 -0700 (PDT);
john.arnold@enron.com;
david.forster@enron.com;
;
Fri, 15 Sep 2000 10:29:00 -0700 (PDT);
john.arnold@enron.com;
eric.thode@enron.com;
Re: Photograph for eCompany Now;
Fri, 1 Dec 2000 00:09:00 -0800 (PST);
john.arnold@enron.com;
jnathan@nacore.com;
Re: Don't Forget;
Fri, 15 Sep 2000 10:11:00 -0700 (PDT);
john.arnold@enron.com;
sarah.wesner@enron.com;
;
Fri, 15 Sep 2000 10:10:00 -0700 (PDT);
john.arnold@enron.com;
david.forster@enron.com;
;
Fri, 15 Sep 2000 03:48:00 -0700 (PDT);
john.arnold@enron.com;
sarah.wesner@enron.com;
Re: Margin Lines project;
Fri, 15 Sep 2000 00:16:00 -0700 (PDT);
john.arnold@enron.com;
efraser@anderson.ucla.edu;
Re: ??;
Thu, 14 Sep 2000 11:24:00 -0700 (PDT);
john.arnold@enron.com;
louise.kitchen@enron.com;
Re: .exe file - infomercial;
Thu, 14 Sep 2000 11:22:00 -0700 (PDT);
john.arnold@enron.com;
gary.taylor@enron.com;
Re: follow up request;
Thu, 14 Sep 2000 11:21:00 -0700 (PDT);
john.arnold@enron.com;
scrumbling@houstonballet.org;
Re: Volunteer Tutor Program;
Thu, 14 Sep 2000 11:09:00 -0700 (PDT);
john.arnold@enron.com;
kristin.gandy@enron.com;
Re: Vanderbilt Presentation and Golf TournamentCc: ina.rangel@enron.com;
Thu, 14 Sep 2000 11:04:00 -0700 (PDT);
john.arnold@enron.com;
efraser@anderson.ucla.edu;
Re: ??;
Thu, 14 Sep 2000 11:04:00 -0700 (PDT);
john.arnold@enron.com;
jenwhite7@zdnetonebox.com;
Re:;
Wed, 13 Dec 2000 06:35:00 -0800 (PST);
john.arnold@enron.com;
frances.ortiz@enron.com;
Re: Hey;
Wed, 29 Nov 2000 10:07:00 -0800 (PST);
john.arnold@enron.com;
jennifer.fraser@enron.com;
Re: Tony Harris;
Thu, 14 Sep 2000 10:41:00 -0700 (PDT);
john.arnold@enron.com;
gary.taylor@enron.com;
Re: quotes for gas hedge for SMUD;
Thu, 14 Sep 2000 10:36:00 -0700 (PDT);
john.arnold@enron.com;
louise.kitchen@enron.com;
Re: .exe file - infomercial;
Thu, 14 Sep 2000 09:24:00 -0700 (PDT);
john.arnold@enron.com;
sarah.wesner@enron.com;
Re: Margin Lines;
Wed, 13 Sep 2000 08:00:00 -0700 (PDT);
john.arnold@enron.com;
ina.rangel@enron.com;
Sales Practices and Anti-Manipulation Training;
Wed, 13 Sep 2000 07:58:00 -0700 (PDT);
john.arnold@enron.com;
ina.rangel@enron.com;
confirm;
Wed, 13 Sep 2000 07:56:00 -0700 (PDT);
john.arnold@enron.com;
matthew.arnold@enron.com;
Re: dmb;
Mon, 11 Sep 2000 08:42:00 -0700 (PDT);
john.arnold@enron.com;
brian.hoskins@enron.com;
;
Thu, 7 Sep 2000 10:26:00 -0700 (PDT);
john.arnold@enron.com;
coopers@epenergy.com;
Re: PAB Deleted;
Thu, 7 Sep 2000 10:25:00 -0700 (PDT);
john.arnold@enron.com;
celeste.roberts@enron.com;
Re:;
Thu, 7 Sep 2000 10:22:00 -0700 (PDT);
john.arnold@enron.com;
jennifer.shipos@enron.com;
Re:;
Wed, 29 Nov 2000 10:04:00 -0800 (PST);
john.arnold@enron.com;
brian.hoskins@enron.com;
concord Crash;
Thu, 7 Sep 2000 10:15:00 -0700 (PDT);
john.arnold@enron.com;
brian.hoskins@enron.com;
;
Thu, 7 Sep 2000 10:15:00 -0700 (PDT);
john.arnold@enron.com;
ina.rangel@enron.com;
TIME SENSITIVE: Executive Impact & Influence Program Survey;
Thu, 7 Sep 2000 10:13:00 -0700 (PDT);
john.arnold@enron.com;
craig.breslau@enron.com;
concord Crash;
Wed, 6 Sep 2000 11:59:00 -0700 (PDT);
john.arnold@enron.com;
jennifer.shipos@enron.com;
Re: Happy Hour;
Wed, 6 Sep 2000 10:28:00 -0700 (PDT);
john.arnold@enron.com;
sarah.wesner@enron.com;
Re:;
Wed, 6 Sep 2000 08:50:00 -0700 (PDT);
john.arnold@enron.com;
jobopps@idrc.org;
Re: Job Opportunities from IDRC;
Wed, 6 Sep 2000 07:35:00 -0700 (PDT);
john.arnold@enron.com;
jobopps@idrc.org;
Re: Job Opportunities from IDRC;
Wed, 6 Sep 2000 05:11:00 -0700 (PDT);
john.arnold@enron.com;
sarah.wesner@enron.com;
;
Wed, 6 Sep 2000 04:51:00 -0700 (PDT);
john.arnold@enron.com;
cliff.baxter@enron.com;
;
Tue, 5 Sep 2000 05:42:00 -0700 (PDT);
john.arnold@enron.com;
andy.zipper@enron.com;
Re: Nymex Converter for Nov. 20 - 24;
Wed, 29 Nov 2000 09:58:00 -0800 (PST);
john.arnold@enron.com;
jgreen@aedc.org;
Re: data standards;
Tue, 5 Sep 2000 02:59:00 -0700 (PDT);
john.arnold@enron.com;
hrobertson@hbk.com;
RE: Young John?;
Thu, 31 Aug 2000 09:10:00 -0700 (PDT);
john.arnold@enron.com;
ina.rangel@enron.com;
;
Thu, 31 Aug 2000 05:49:00 -0700 (PDT);
john.arnold@enron.com;
hrobertson@hbk.com;
Re: Young John?;
Thu, 31 Aug 2000 04:47:00 -0700 (PDT);
john.arnold@enron.com;
klarnold@flash.net;
Re:;
Thu, 31 Aug 2000 01:48:00 -0700 (PDT);
john.arnold@enron.com;
jeffrey.shankman@enron.com;
;
Wed, 30 Aug 2000 09:39:00 -0700 (PDT);
john.arnold@enron.com;
ina.rangel@enron.com;
URGENT NOTICE: Executive Impact & Influence 9/21-22 Program - FSD Request;
Wed, 30 Aug 2000 08:32:00 -0700 (PDT);
john.arnold@enron.com;
athomas1@dellnet.com;
Re:;
Wed, 30 Aug 2000 08:31:00 -0700 (PDT);
john.arnold@enron.com;
suzanne.nicholie@enron.com;
Re: Meeting to discuss 2001 direct expense plan;
Wed, 30 Aug 2000 08:30:00 -0700 (PDT);
john.arnold@enron.com;
andy.zipper@enron.com;
Re: commissions saved;
Wed, 30 Aug 2000 00:24:00 -0700 (PDT);
john.arnold@enron.com;
jeff.pesot@verso.com;
Re:;
Wed, 29 Nov 2000 09:56:00 -0800 (PST);
john.arnold@enron.com;
frank.hayden@enron.com;
;
Tue, 29 Aug 2000 05:03:00 -0700 (PDT);
john.arnold@enron.com;
mary.cook@enron.com;
Re: Soc Gen;
Tue, 29 Aug 2000 03:16:00 -0700 (PDT);
john.arnold@enron.com;
andy.zipper@enron.com;
Re: commissions saved;
Tue, 29 Aug 2000 03:14:00 -0700 (PDT);
john.arnold@enron.com;
rahil.jafry@enron.com;
Re: EnronOnline;
Tue, 29 Aug 2000 00:25:00 -0700 (PDT);
john.arnold@enron.com;
fletcher.sturm@enron.com;
Re:;
Tue, 29 Aug 2000 00:22:00 -0700 (PDT);
john.arnold@enron.com;
ted.murphy@enron.com;
Re:;
Mon, 28 Aug 2000 06:57:00 -0700 (PDT);
john.arnold@enron.com;
ted.murphy@enron.com;
;
Mon, 28 Aug 2000 06:08:00 -0700 (PDT);
john.arnold@enron.com;
david.forster@enron.com;
;
Sun, 27 Aug 2000 06:12:00 -0700 (PDT);
john.arnold@enron.com;
fletcher.sturm@enron.com, scott.neal@enron.com, hunter.shively@enron.com;
;
Sun, 27 Aug 2000 06:09:00 -0700 (PDT);
john.arnold@enron.com;
athomas1@dellnet.com;
Re:;
Sun, 27 Aug 2000 05:49:00 -0700 (PDT);
john.arnold@enron.com;
david.dupre@enron.com;
Re: New role;
Wed, 29 Nov 2000 09:54:00 -0800 (PST);
john.arnold@enron.com;
jennifer.burns@enron.com;
;
Fri, 25 Aug 2000 07:59:00 -0700 (PDT);
john.arnold@enron.com;
david.redmond@enron.com;
Re: Long Term Volatility;
Fri, 25 Aug 2000 07:35:00 -0700 (PDT);
john.arnold@enron.com;
ina.rangel@enron.com;
;
Fri, 25 Aug 2000 04:30:00 -0700 (PDT);
john.arnold@enron.com;
w.duran@enron.com;
;
Fri, 25 Aug 2000 04:11:00 -0700 (PDT);
john.arnold@enron.com;
david.dupre@enron.com;
Re: Tickets;
Fri, 25 Aug 2000 02:56:00 -0700 (PDT);
john.arnold@enron.com;
fzerilli@optonline.net;
Re: Vacation;
Thu, 24 Aug 2000 04:38:00 -0700 (PDT);
john.arnold@enron.com;
jennifer.burns@enron.com;
;
Wed, 23 Aug 2000 00:11:00 -0700 (PDT);
john.arnold@enron.com;
sarah.wesner@enron.com;
Re:;
Tue, 22 Aug 2000 09:44:00 -0700 (PDT);
john.arnold@enron.com;
ina.rangel@enron.com;
Re: ENA Fileplan Project - Needs your approval;
Tue, 22 Aug 2000 09:31:00 -0700 (PDT);
john.arnold@enron.com;
sarah.wesner@enron.com;
Cc: dutch.quigley@enron.com;
Tue, 22 Aug 2000 00:04:00 -0700 (PDT);
john.arnold@enron.com;
slafontaine@globalp.com;
re:mkts;
Mon, 27 Nov 2000 10:05:00 -0800 (PST);
john.arnold@enron.com;
jennifer.milligan@enron.com;
Re: stock option grant agreement;
Mon, 21 Aug 2000 09:38:00 -0700 (PDT);
john.arnold@enron.com;
brian.hoskins@enron.com;
Re:;
Mon, 21 Aug 2000 09:10:00 -0700 (PDT);
john.arnold@enron.com;
mike.maggi@enron.com, larry.may@enron.com, peter.keavey@enron.com, ;
;
Mon, 21 Aug 2000 05:49:00 -0700 (PDT);
john.arnold@enron.com;
ina.rangel@enron.com;
Bi-weekly Meeting;
Mon, 21 Aug 2000 05:47:00 -0700 (PDT);
john.arnold@enron.com;
john.thomas@enron.com;
Re: trading the dots time again?;
Mon, 21 Aug 2000 05:26:00 -0700 (PDT);
john.arnold@enron.com;
john.thomas@enron.com;
Re: trading the dots time again?;
Mon, 21 Aug 2000 05:16:00 -0700 (PDT);
john.arnold@enron.com;
john.lavorato@enron.com;
Re:;
Mon, 21 Aug 2000 04:04:00 -0700 (PDT);
john.arnold@enron.com;
phillip.allen@enron.com;
;
Mon, 21 Aug 2000 01:57:00 -0700 (PDT);
john.arnold@enron.com;
john.lavorato@enron.com;
;
Mon, 21 Aug 2000 01:48:00 -0700 (PDT);
john.arnold@enron.com;
jennifer.burns@enron.com;
;
Sun, 20 Aug 2000 23:54:00 -0700 (PDT);
john.arnold@enron.com;
mike.maggi@enron.com;
Nat Gas intraday update;
Mon, 27 Nov 2000 09:50:00 -0800 (PST);
john.arnold@enron.com;
matthew.arnold@enron.com;
;
Fri, 18 Aug 2000 00:49:00 -0700 (PDT);
john.arnold@enron.com;
john.lavorato@enron.com;
;
Thu, 17 Aug 2000 08:46:00 -0700 (PDT);
john.arnold@enron.com;
brian.hoskins@enron.com;
FW: Bumping into the husband....;
Thu, 17 Aug 2000 07:21:00 -0700 (PDT);
john.arnold@enron.com;
louise.kitchen@enron.com, andy.zipper@enron.com;
;
Thu, 17 Aug 2000 06:17:00 -0700 (PDT);
john.arnold@enron.com;
per.sekse@enron.com;
;
Thu, 17 Aug 2000 04:48:00 -0700 (PDT);
john.arnold@enron.com;
andy.zipper@enron.com;
Re:;
Wed, 16 Aug 2000 05:08:00 -0700 (PDT);
john.arnold@enron.com;
andy.zipper@enron.com;
;
Wed, 16 Aug 2000 00:21:00 -0700 (PDT);
john.arnold@enron.com;
jennifer.burns@enron.com;
;
Sat, 12 Aug 2000 05:30:00 -0700 (PDT);
john.arnold@enron.com;
soblander@carrfut.com;
Re: daily charts 8/10;
Thu, 10 Aug 2000 11:42:00 -0700 (PDT);
john.arnold@enron.com;
susan.wood@enron.com;
suicide at press conference;
Wed, 9 Aug 2000 10:50:00 -0700 (PDT);
john.arnold@enron.com;
matthew.arnold@enron.com;
Re: not good for the under;
Mon, 27 Nov 2000 09:49:00 -0800 (PST);
john.arnold@enron.com;
pamela.sonnier@enron.com;
Re: Carr Futures Presentation;
Wed, 9 Aug 2000 07:54:00 -0700 (PDT);
john.arnold@enron.com;
liz.taylor@enron.com;
Re:;
Wed, 9 Aug 2000 04:13:00 -0700 (PDT);
john.arnold@enron.com;
vladimir.gorny@enron.com;
Re: Forward-forward Vol Implementation Plan;
Tue, 8 Aug 2000 10:56:00 -0700 (PDT);
john.arnold@enron.com;
greg.whalley@enron.com;
Reuters Story on E-Exchange;
Tue, 8 Aug 2000 10:54:00 -0700 (PDT);
john.arnold@enron.com;
george.ellis@americas.bnpparibas.com;
Re: BNP PARIBAS Weekly AGA Survey;
Tue, 8 Aug 2000 07:19:00 -0700 (PDT);
john.arnold@enron.com;
liz.taylor@enron.com;
;
Tue, 8 Aug 2000 06:45:00 -0700 (PDT);
john.arnold@enron.com;
david.forster@enron.com;
Re: HeHub Basis Sep00;
Mon, 7 Aug 2000 03:46:00 -0700 (PDT);
john.arnold@enron.com;
jpotieno@cmsenergy.com;
;
Mon, 7 Aug 2000 00:30:00 -0700 (PDT);
john.arnold@enron.com;
andy.zipper@enron.com;
Re: Houston Street;
Thu, 3 Aug 2000 09:48:00 -0700 (PDT);
john.arnold@enron.com;
phil.clifford@enron.com;
Re: west africa;
Thu, 3 Aug 2000 09:46:00 -0700 (PDT);
john.arnold@enron.com;
msagel@home.com;
Re: Service Agreement;
Mon, 27 Nov 2000 09:48:00 -0800 (PST);
john.arnold@enron.com;
barbara.lewis@enron.com;
Re: SCHEDULE - Stephen Bennett;
Thu, 3 Aug 2000 09:02:00 -0700 (PDT);
john.arnold@enron.com;
mailreply@idrc.org;
Re: Sydney Olympics & IDRC;
Thu, 3 Aug 2000 08:53:00 -0700 (PDT);
john.arnold@enron.com;
john.lavorato@enron.com;
;
Thu, 3 Aug 2000 08:51:00 -0700 (PDT);
john.arnold@enron.com;
david.forster@enron.com, david.forster@enron.com;
;
Thu, 3 Aug 2000 08:38:00 -0700 (PDT);
john.arnold@enron.com;
per.sekse@enron.com;
;
Thu, 3 Aug 2000 02:58:00 -0700 (PDT);
john.arnold@enron.com;
coopers@epenergy.com;
;
Thu, 3 Aug 2000 00:50:00 -0700 (PDT);
john.arnold@enron.com;
sgtcase@aol.com;
wv love story;
Thu, 3 Aug 2000 00:35:00 -0700 (PDT);
john.arnold@enron.com;
brian.hoskins@enron.com;
wv love story;
Thu, 3 Aug 2000 00:31:00 -0700 (PDT);
john.arnold@enron.com;
mike.maggi@enron.com;
wv love story;
Thu, 3 Aug 2000 00:24:00 -0700 (PDT);
john.arnold@enron.com;
fzerilli@powermerchants.com;
wv love story;
Thu, 3 Aug 2000 00:23:00 -0700 (PDT);
john.arnold@enron.com;
john.lavorato@enron.com;
Re:;
Sun, 26 Nov 2000 13:01:00 -0800 (PST);
john.arnold@enron.com;
david.dupre@enron.com;
Re: Guest;
Wed, 2 Aug 2000 09:14:00 -0700 (PDT);
john.arnold@enron.com;
matthew.arnold@enron.com;
baby;
Wed, 2 Aug 2000 03:47:00 -0700 (PDT);
john.arnold@enron.com;
mike.maggi@enron.com;
daily crude & nat gas charts and nat gas strip matrix 8/2;
Wed, 2 Aug 2000 01:03:00 -0700 (PDT);
john.arnold@enron.com;
barbara.lewis@enron.com;
Re: SCHEDULE - Stephen Bennett;
Tue, 1 Aug 2000 08:35:00 -0700 (PDT);
john.arnold@enron.com;
per.sekse@enron.com;
;
Tue, 1 Aug 2000 04:33:00 -0700 (PDT);
john.arnold@enron.com;
vladimir.gorny@enron.com;
;
Mon, 31 Jul 2000 08:37:00 -0700 (PDT);
john.arnold@enron.com;
per.sekse@enron.com;
;
Mon, 31 Jul 2000 05:39:00 -0700 (PDT);
john.arnold@enron.com;
frank.hayden@enron.com;
;
Mon, 31 Jul 2000 00:33:00 -0700 (PDT);
john.arnold@enron.com;
liz.taylor@enron.com;
Re: ALS Charity - It's Time to Collect;
Wed, 26 Jul 2000 00:31:00 -0700 (PDT);
john.arnold@enron.com;
per.sekse@enron.com;
Re: FW: trading with Campbell;
Wed, 26 Jul 2000 00:25:00 -0700 (PDT);
john.arnold@enron.com;
greg.whalley@enron.com;
;
Wed, 13 Dec 2000 04:37:00 -0800 (PST);
john.arnold@enron.com;
john.lavorato@enron.com;
Re:;
Sun, 26 Nov 2000 09:45:00 -0800 (PST);
john.arnold@enron.com;
barbara.lewis@enron.com;
Schedule Interview for Stephen Bennett;
Mon, 24 Jul 2000 08:17:00 -0700 (PDT);
john.arnold@enron.com;
frank.hayden@enron.com;
Re: Stress Testing;
Sun, 23 Jul 2000 04:53:00 -0700 (PDT);
john.arnold@enron.com;
vladimir.gorny@enron.com;
Re: VaR Methodology Change;
Sun, 23 Jul 2000 04:40:00 -0700 (PDT);
john.arnold@enron.com;
debbie.flores@enron.com;
Re: FALL RECRUITING TEAM LISTINGS;
Sun, 23 Jul 2000 04:05:00 -0700 (PDT);
john.arnold@enron.com;
mary.cook@enron.com;
Re: Give Up Agreements: Banc One;
Sun, 23 Jul 2000 04:04:00 -0700 (PDT);
john.arnold@enron.com;
jeffrey.hodge@enron.com;
;
Fri, 21 Jul 2000 03:15:00 -0700 (PDT);
john.arnold@enron.com;
russell.diamond@enron.com;
Re: New Counterparty Transaction;
Thu, 20 Jul 2000 00:37:00 -0700 (PDT);
john.arnold@enron.com;
andy.zipper@enron.com;
Re:;
Wed, 19 Jul 2000 03:41:00 -0700 (PDT);
john.arnold@enron.com;
andy.zipper@enron.com;
;
Tue, 18 Jul 2000 08:11:00 -0700 (PDT);
john.arnold@enron.com;
liz.taylor@enron.com;
Re: "Strike Out" ALS;
Tue, 18 Jul 2000 01:40:00 -0700 (PDT);
john.arnold@enron.com;
john.arnold@enron.com;
;
Sun, 26 Nov 2000 09:20:00 -0800 (PST);
john.arnold@enron.com;
liz.taylor@enron.com;
Re: "Strike Out" ALS;
Mon, 17 Jul 2000 08:56:00 -0700 (PDT);
john.arnold@enron.com;
james_naughton@em.fcnbd.com;
;
Mon, 17 Jul 2000 02:03:00 -0700 (PDT);
john.arnold@enron.com;
james_naughton@em.fcnbd.com;
;
Mon, 17 Jul 2000 00:59:00 -0700 (PDT);
john.arnold@enron.com;
frank.hayden@enron.com;
;
Mon, 17 Jul 2000 00:50:00 -0700 (PDT);
john.arnold@enron.com;
spower@houstonballet.org;
;
Sat, 15 Jul 2000 06:39:00 -0700 (PDT);
john.arnold@enron.com;
frank.hayden@enron.com;
Re: Market Opinion about AGA's;
Fri, 14 Jul 2000 10:46:00 -0700 (PDT);
john.arnold@enron.com;
frank.hayden@enron.com;
;
Fri, 14 Jul 2000 07:33:00 -0700 (PDT);
john.arnold@enron.com;
margaret.allen@enron.com;
Re: Screen shots;
Thu, 13 Jul 2000 05:44:00 -0700 (PDT);
john.arnold@enron.com;
coopers@epenergy.com;
Re: El Paso Energy Corporation Reports Record Second Quarter Earnings Per Share;
Wed, 12 Jul 2000 04:05:00 -0700 (PDT);
john.arnold@enron.com;
per.sekse@enron.com;
;
Tue, 11 Jul 2000 01:37:00 -0700 (PDT);
john.arnold@enron.com;
john.arnold@enron.com;
;
Sun, 26 Nov 2000 08:56:00 -0800 (PST);
john.arnold@enron.com;
john.lavorato@enron.com;
;
Mon, 10 Jul 2000 09:42:00 -0700 (PDT);
john.arnold@enron.com;
gregory.carraway@enron.com;
Re:;
Mon, 10 Jul 2000 09:37:00 -0700 (PDT);
john.arnold@enron.com;
liz.taylor@enron.com;
Re:;
Mon, 10 Jul 2000 08:36:00 -0700 (PDT);
john.arnold@enron.com;
gregory.carraway@enron.com;
Re:;
Mon, 10 Jul 2000 07:43:00 -0700 (PDT);
john.arnold@enron.com;
vladimir.gorny@enron.com;
Re: Forward-forward Vol;
Mon, 10 Jul 2000 07:31:00 -0700 (PDT);
john.arnold@enron.com;
russell.diamond@enron.com, gregory.carraway@enron.com;
;
Mon, 10 Jul 2000 07:27:00 -0700 (PDT);
john.arnold@enron.com;
liz.taylor@enron.com;
;
Mon, 10 Jul 2000 05:36:00 -0700 (PDT);
john.arnold@enron.com;
per.sekse@enron.com;
Re: FW: trading;
Fri, 7 Jul 2000 00:50:00 -0700 (PDT);
john.arnold@enron.com;
matthew.arnold@enron.com;
;
Thu, 6 Jul 2000 00:47:00 -0700 (PDT);
john.arnold@enron.com;
matthew.arnold@enron.com;
;
Wed, 5 Jul 2000 08:47:00 -0700 (PDT);
john.arnold@enron.com;
margaret.allen@enron.com;
Re: Not nice;
Tue, 21 Nov 2000 13:34:00 -0800 (PST);
john.arnold@enron.com;
dutch.quigley@enron.com;
;
Wed, 5 Jul 2000 08:45:00 -0700 (PDT);
john.arnold@enron.com;
andy.zipper@enron.com;
Re: options and other stuff;
Wed, 5 Jul 2000 00:03:00 -0700 (PDT);
john.arnold@enron.com;
andy.zipper@enron.com;
Re: options and other stuff;
Fri, 30 Jun 2000 06:38:00 -0700 (PDT);
john.arnold@enron.com;
slist@campbell.com;
Re: FW: trading;
Fri, 30 Jun 2000 06:22:00 -0700 (PDT);
john.arnold@enron.com;
matthew.arnold@enron.com;
;
Thu, 29 Jun 2000 00:25:00 -0700 (PDT);
john.arnold@enron.com;
liz.taylor@enron.com;
Re: World Phone;
Wed, 28 Jun 2000 10:37:00 -0700 (PDT);
john.arnold@enron.com;
per.sekse@enron.com;
FW: trading;
Mon, 26 Jun 2000 09:18:00 -0700 (PDT);
john.arnold@enron.com;
liz.taylor@enron.com;
Re: PLEASE,PLEASE,PLEASE;
Fri, 16 Jun 2000 00:58:00 -0700 (PDT);
john.arnold@enron.com;
michael.byrne@americas.bnpparibas.com;
Re: PARIBAS Futures Weekly AGA Survey;
Wed, 14 Jun 2000 02:27:00 -0700 (PDT);
john.arnold@enron.com;
vladimir.gorny@enron.com;
Re:;
Tue, 13 Jun 2000 01:34:00 -0700 (PDT);
john.arnold@enron.com;
john.lavorato@enron.com;
Re:;
Tue, 21 Nov 2000 13:30:00 -0800 (PST);
john.arnold@enron.com;
vladimir.gorny@enron.com;
Re:;
Tue, 13 Jun 2000 00:52:00 -0700 (PDT);
john.arnold@enron.com;
vladimir.gorny@enron.com;
;
Mon, 12 Jun 2000 01:47:00 -0700 (PDT);
john.arnold@enron.com;
matthew.arnold@enron.com, matthew.arnold@enron.com;
;
Fri, 9 Jun 2000 05:13:00 -0700 (PDT);
john.arnold@enron.com;
jeffrey.shankman@enron.com;
Re: using new FF vols;
Wed, 7 Jun 2000 01:43:00 -0700 (PDT);
john.arnold@enron.com;
tanya.tamarchenko@enron.com;
;
Wed, 7 Jun 2000 00:40:00 -0700 (PDT);
john.arnold@enron.com;
tanya.tamarchenko@enron.com;
;
Thu, 1 Jun 2000 11:16:00 -0700 (PDT);
john.arnold@enron.com;
vince.kaminski@enron.com;
;
Thu, 1 Jun 2000 07:22:00 -0700 (PDT);
john.arnold@enron.com;
vince.kaminski@enron.com;
Re: VaR;
Thu, 1 Jun 2000 03:21:00 -0700 (PDT);
john.arnold@enron.com;
websupport@moneynet.com;
Delete all future emails;
Wed, 31 May 2000 00:35:00 -0700 (PDT);
john.arnold@enron.com;
bill.white@enron.com;
Re: IRS Beers;
Wed, 31 May 2000 00:34:00 -0700 (PDT);
john.arnold@enron.com;
sarah.wesner@enron.com;
Re: FIMAT loan agreement;
Tue, 21 Nov 2000 13:19:00 -0800 (PST);
john.arnold@enron.com;
websupport@moneynet.com;
unsubscribe;
Wed, 31 May 2000 00:31:00 -0700 (PDT);
john.arnold@enron.com;
websupport@moneynet.com;
Re: Portfolio for jennifer_arnold as of Mon May 29 18:36:45 2000;
Tue, 30 May 2000 00:29:00 -0700 (PDT);
john.arnold@enron.com;
kevin.sweeney@enron.com;
Re: New Spreadsheet;
Mon, 29 May 2000 06:19:00 -0700 (PDT);
john.arnold@enron.com;
aedc@aedc.org;
Re: LAST CHANCE TO REGISTER!!;
Mon, 22 May 2000 09:38:00 -0700 (PDT);
john.arnold@enron.com;
john.lavorato@enron.com;
;
Mon, 22 May 2000 09:24:00 -0700 (PDT);
john.arnold@enron.com;
doug.rotenberg@enron.com;
Cc: rick.buy@enron.com, lavorato@enron.com, david.haug@enron.com, 	jeffrey.shankman@enron.com, jeff.skilling@enron.com;
Mon, 22 May 2000 09:23:00 -0700 (PDT);
john.arnold@enron.com;
susan.lewis@enron.com;
Re:;
Mon, 22 May 2000 00:40:00 -0700 (PDT);
john.arnold@enron.com;
websupport@moneynet.com;
;
Mon, 22 May 2000 00:36:00 -0700 (PDT);
john.arnold@enron.com;
Jeff Skilling@Enron;
;
Mon, 22 May 2000 00:33:00 -0700 (PDT);
john.arnold@enron.com;
andy.zipper@enron.com;
Re: options;
Sun, 16 Apr 2000 06:50:00 -0700 (PDT);
john.arnold@enron.com;
slafontaine@globalp.com;
re:mkts;
Tue, 21 Nov 2000 13:16:00 -0800 (PST);
john.arnold@enron.com;
andy.zipper@enron.com;
Re: options;
Fri, 14 Apr 2000 08:34:00 -0700 (PDT);
john.arnold@enron.com;
jennifer.burns@enron.com;
;
Thu, 13 Apr 2000 04:36:00 -0700 (PDT);
john.arnold@enron.com;
dutch.quigley@enron.com;
;
Tue, 11 Apr 2000 10:16:00 -0700 (PDT);
john.arnold@enron.com;
mike.maggi@enron.com;
Option Analysis on NG Price Book;
Tue, 11 Apr 2000 09:58:00 -0700 (PDT);
john.arnold@enron.com;
matthew.arnold@enron.com;
;
Fri, 7 Apr 2000 09:39:00 -0700 (PDT);
john.arnold@enron.com;
jennifer.burns@enron.com;
Re:;
Thu, 6 Apr 2000 07:57:00 -0700 (PDT);
john.arnold@enron.com;
liz.taylor@enron.com;
;
Thu, 6 Apr 2000 06:47:00 -0700 (PDT);
john.arnold@enron.com;
jennifer.burns@enron.com;
Re:;
Thu, 6 Apr 2000 06:43:00 -0700 (PDT);
john.arnold@enron.com;
jennifer.burns@enron.com;
Re:;
Thu, 6 Apr 2000 06:05:00 -0700 (PDT);
john.arnold@enron.com;
jennifer.burns@enron.com;
;
Thu, 6 Apr 2000 05:08:00 -0700 (PDT);
john.arnold@enron.com;
jenwhite7@zdnetonebox.com;
Re: NY;
Tue, 21 Nov 2000 06:33:00 -0800 (PST);
john.arnold@enron.com;
tara.sweitzer@enron.com;
;
Wed, 5 Apr 2000 01:48:00 -0700 (PDT);
john.arnold@enron.com;
sandra.vu@enron.com;
Re: Nymex NG Swaps;
Wed, 5 Apr 2000 00:40:00 -0700 (PDT);
john.arnold@enron.com;
Enron IT Purchasing@Enron;
re: New Computer;
Wed, 5 Apr 2000 00:33:00 -0700 (PDT);
john.arnold@enron.com;
vladimir.gorny@enron.com;
Re: VaR;
Mon, 3 Apr 2000 08:42:00 -0700 (PDT);
john.arnold@enron.com;
matthew.arnold@enron.com;
;
Wed, 29 Mar 2000 11:29:00 -0800 (PST);
john.arnold@enron.com;
john.lavorato@enron.com, jeffrey.shankman@enron.com, mike.maggi@enron.com;
New curve generation methodology;
Wed, 29 Mar 2000 11:22:00 -0800 (PST);
john.arnold@enron.com;
vladimir.gorny@enron.com;
Re: VaR;
Wed, 29 Mar 2000 10:44:00 -0800 (PST);
john.arnold@enron.com;
john.griffith@enron.com;
Re: Insurance Call Spread;
Wed, 29 Mar 2000 08:08:00 -0800 (PST);
john.arnold@enron.com;
jennifer.burns@enron.com;
;
Wed, 29 Mar 2000 06:31:00 -0800 (PST);
john.arnold@enron.com;
matthew.arnold@enron.com;
Re:;
Tue, 28 Mar 2000 03:34:00 -0800 (PST);
john.arnold@enron.com;
kathie.grabstald@enron.com;
Re: ENSIDE Newsletter;
Mon, 20 Nov 2000 07:57:00 -0800 (PST);
john.arnold@enron.com;
matthew.arnold@enron.com;
Re:;
Tue, 28 Mar 2000 02:57:00 -0800 (PST);
john.arnold@enron.com;
eva.pao@enron.com;
Re:;
Tue, 28 Mar 2000 02:49:00 -0800 (PST);
john.arnold@enron.com;
matthew.arnold@enron.com;
Re:;
Mon, 27 Mar 2000 00:26:00 -0800 (PST);
john.arnold@enron.com;
matthew.arnold@enron.com;
;
Sun, 26 Mar 2000 23:54:00 -0800 (PST);
john.arnold@enron.com;
dperwin@aol.com;
;
Sun, 26 Mar 2000 23:50:00 -0800 (PST);
john.arnold@enron.com;
matthew.arnold@enron.com;
Re:;
Sun, 26 Mar 2000 23:37:00 -0800 (PST);
john.arnold@enron.com;
matthew.arnold@enron.com;
;
Sun, 26 Mar 2000 23:29:00 -0800 (PST);
john.arnold@enron.com;
jennifer.burns@enron.com;
;
Thu, 16 Mar 2000 06:22:00 -0800 (PST);
john.arnold@enron.com;
michael.corbally@enron.com;
Re: Enron Online;
Thu, 2 Mar 2000 09:30:00 -0800 (PST);
john.arnold@enron.com;
tara.sweitzer@enron.com;
Re: EnronOnline Approval Access Request;
Thu, 2 Mar 2000 09:26:00 -0800 (PST);
john.arnold@enron.com;
ksmalek@aep.com;
Re: Cal02;
Mon, 20 Nov 2000 06:27:00 -0800 (PST);
john.arnold@enron.com;
register@newmn-r1.blue.aol.com;
Re: AOL Instant Messenger Confirmation (ziEbq0PbJo enronjda);
Sun, 27 Feb 2000 23:57:00 -0800 (PST);
john.arnold@enron.com;
epao@mba2002.hbs.edu;
Re: Defense;
Mon, 14 May 2001 14:01:00 -0700 (PDT);
john.arnold@enron.com;
john.arnold@enron.com;
RE: waiting;
Mon, 14 May 2001 14:00:00 -0700 (PDT);
john.arnold@enron.com;
msagel@home.com;
Re: Natural gas update;
Mon, 14 May 2001 00:33:00 -0700 (PDT);
john.arnold@enron.com;
steve.lafontaine@bankofamerica.com;
Re:;
Sun, 13 May 2001 10:33:00 -0700 (PDT);
john.arnold@enron.com;
stevelafontaine@bankofamerica.com;
;
Sun, 13 May 2001 10:30:00 -0700 (PDT);
john.arnold@enron.com;
epao@mba2002.hbs.edu;
RE: waiting;
Sun, 13 May 2001 10:12:00 -0700 (PDT);
john.arnold@enron.com;
stevelafontaine@bankofamerica.com;
;
Sun, 13 May 2001 10:08:00 -0700 (PDT);
john.arnold@enron.com;
epao@mba2002.hbs.edu;
RE: waiting;
Sun, 13 May 2001 09:42:00 -0700 (PDT);
john.arnold@enron.com;
lafontaine@bankofamerica.com;
;
Sun, 13 May 2001 09:41:00 -0700 (PDT);
john.arnold@enron.com;
sarah.wesner@enron.com;
Re: EDF trades switched to ABN;
Tue, 12 Dec 2000 09:17:00 -0800 (PST);
john.arnold@enron.com;
frank.hayden@enron.com;
;
Thu, 16 Nov 2000 07:50:00 -0800 (PST);
john.arnold@enron.com;
epao@mba2002.hbs.edu;
Re: Defense;
Sun, 13 May 2001 09:25:00 -0700 (PDT);
john.arnold@enron.com;
epao@mba2002.hbs.edu;
RE: waiting;
Sun, 13 May 2001 09:23:00 -0700 (PDT);
john.arnold@enron.com;
epao@mba2002.hbs.edu;
RE: Extra credit;
Sun, 13 May 2001 09:16:00 -0700 (PDT);
john.arnold@enron.com;
epao@mba2002.hbs.edu;
Re: waiting;
Sun, 13 May 2001 09:16:00 -0700 (PDT);
john.arnold@enron.com;
epao@mba2002.hbs.edu;
Re: Constellation;
Sun, 13 May 2001 09:00:00 -0700 (PDT);
john.arnold@enron.com;
epao@mba2002.hbs.edu;
Re: am i right???;
Sun, 13 May 2001 08:58:00 -0700 (PDT);
john.arnold@enron.com;
epao@mba2002.hbs.edu;
RE: Extra credit;
Sun, 13 May 2001 08:57:00 -0700 (PDT);
john.arnold@enron.com;
epao@mba2002.hbs.edu;
Re: 2;
Sun, 13 May 2001 08:55:00 -0700 (PDT);
john.arnold@enron.com;
epao@mba2002.hbs.edu;
RE: Extra credit;
Sun, 13 May 2001 08:54:00 -0700 (PDT);
john.arnold@enron.com;
epao@mba2002.hbs.edu;
RE: Extra credit;
Sun, 13 May 2001 08:54:00 -0700 (PDT);
john.arnold@enron.com;
jenwhite7@zdnetonebox.com;
Re:;
Fri, 10 Nov 2000 10:26:00 -0800 (PST);
john.arnold@enron.com;
epao@mba2002.hbs.edu;
RE: Extra credit;
Sun, 13 May 2001 08:54:00 -0700 (PDT);
john.arnold@enron.com;
epao@mba2002.hbs.edu;
RE: Extra credit;
Sun, 13 May 2001 08:53:00 -0700 (PDT);
john.arnold@enron.com;
epao@mba2002.hbs.edu;
Re: Extra credit;
Sun, 13 May 2001 08:36:00 -0700 (PDT);
john.arnold@enron.com;
epao@mba2002.hbs.edu;
Re: Extra credit;
Sun, 13 May 2001 08:30:00 -0700 (PDT);
john.arnold@enron.com;
margaret.allen@enron.com;
Re:;
Sun, 13 May 2001 08:25:00 -0700 (PDT);
john.arnold@enron.com;
kimberly.hillis@enron.com;
;
Sun, 13 May 2001 07:27:00 -0700 (PDT);
john.arnold@enron.com;
stephen.piasio@ssmb.com;
Re: myrtle beach;
Sun, 13 May 2001 07:16:00 -0700 (PDT);
john.arnold@enron.com;
epao@mba2002.hbs.edu;
RE: try this one...;
Sat, 12 May 2001 17:04:00 -0700 (PDT);
john.arnold@enron.com;
epao@mba2002.hbs.edu;
RE: in;
Fri, 11 May 2001 05:50:00 -0700 (PDT);
john.arnold@enron.com;
margaret.allen@enron.com;
;
Fri, 11 May 2001 04:58:00 -0700 (PDT);
john.arnold@enron.com;
errol.mclaughlin@enron.com;
ACCESS Trades for 11/09/00;
Thu, 9 Nov 2000 07:54:00 -0800 (PST);
john.arnold@enron.com;
mike.maggi@enron.com, larry.may@enron.com;
PG&E Energy Trading;
Fri, 11 May 2001 04:53:00 -0700 (PDT);
john.arnold@enron.com;
ina.rangel@enron.com;
Re: Question?;
Fri, 11 May 2001 00:42:00 -0700 (PDT);
john.arnold@enron.com;
epao@mba2002.hbs.edu;
Re: try this one...;
Fri, 11 May 2001 00:40:00 -0700 (PDT);
john.arnold@enron.com;
epao@mba2002.hbs.edu;
RE: in;
Thu, 10 May 2001 10:15:00 -0700 (PDT);
john.arnold@enron.com;
ticketwarehouse@aol.com;
Re: eBay End of Auction - Item # 1236142249 (DAVE MATTHEWS TICKETS HOUSTON 4TH ROW 5/12);
Thu, 10 May 2001 08:07:00 -0700 (PDT);
john.arnold@enron.com;
mike.maggi@enron.com;
Option Advisory Committee Meeting May 31;
Thu, 10 May 2001 07:21:00 -0700 (PDT);
john.arnold@enron.com;
dutch.quigley@enron.com;
(01-154) Implementation of New NYMEX Rule 9.11A (Give-Up Trades) IMPORTANT MEMO;
Thu, 10 May 2001 01:18:00 -0700 (PDT);
john.arnold@enron.com;
russell.diamond@enron.com;
FW: details for long term flat price swap on Nat Gas Houston Ship	 Channel Inside FERC;
Thu, 10 May 2001 01:18:00 -0700 (PDT);
john.arnold@enron.com;
jennifer.fraser@enron.com;
Re: reminder -pira dinner sund may 13 th 7.45 pm st regis;
Wed, 9 May 2001 10:04:00 -0700 (PDT);
john.arnold@enron.com;
kim.ward@enron.com;
RE:;
Wed, 9 May 2001 07:29:00 -0700 (PDT);
john.arnold@enron.com;
alan_batt@oxy.com;
Re: Resume;
Wed, 8 Nov 2000 09:15:00 -0800 (PST);
john.arnold@enron.com;
kim.ward@enron.com;
Re:;
Wed, 9 May 2001 07:29:00 -0700 (PDT);
john.arnold@enron.com;
kim.ward@enron.com;
Re:;
Wed, 9 May 2001 07:26:00 -0700 (PDT);
john.arnold@enron.com;
kim.ward@enron.com;
;
Wed, 9 May 2001 01:22:00 -0700 (PDT);
john.arnold@enron.com;
chris.gaskill@enron.com;
gas message board access;
Tue, 8 May 2001 10:08:00 -0700 (PDT);
john.arnold@enron.com;
kim.ward@enron.com;
RE:;
Tue, 8 May 2001 10:07:00 -0700 (PDT);
john.arnold@enron.com;
kim.ward@enron.com;
RE:;
Tue, 8 May 2001 09:48:00 -0700 (PDT);
john.arnold@enron.com;
kim.ward@enron.com;
RE:;
Tue, 8 May 2001 07:25:00 -0700 (PDT);
john.arnold@enron.com;
kim.ward@enron.com;
RE:;
Tue, 8 May 2001 07:03:00 -0700 (PDT);
john.arnold@enron.com;
kim.ward@enron.com;
RE:;
Tue, 8 May 2001 06:53:00 -0700 (PDT);
john.arnold@enron.com;
kim.ward@enron.com;
RE:;
Tue, 8 May 2001 06:50:00 -0700 (PDT);
john.arnold@enron.com;
smithf@epenergy.com;
Re:;
Wed, 8 Nov 2000 09:10:00 -0800 (PST);
john.arnold@enron.com;
kim.ward@enron.com;
;
Tue, 8 May 2001 06:06:00 -0700 (PDT);
john.arnold@enron.com;
jennifer.walker@enron.com;
Re: RISK Magazine Interview;
Mon, 7 May 2001 08:50:00 -0700 (PDT);
john.arnold@enron.com;
steve.lafontaine@bankofamerica.com;
RE: you shudda been in vegas;
Mon, 7 May 2001 01:21:00 -0700 (PDT);
john.arnold@enron.com;
jennifer.fraser@enron.com;
Re: ng;
Mon, 7 May 2001 01:19:00 -0700 (PDT);
john.arnold@enron.com;
john.lavorato@enron.com;
Re:;
Mon, 7 May 2001 01:12:00 -0700 (PDT);
john.arnold@enron.com;
steve.lafontaine@bankofamerica.com;
Re: its never gonna break;
Fri, 4 May 2001 03:30:00 -0700 (PDT);
john.arnold@enron.com;
matthew.arnold@enron.com;
Re:;
Fri, 4 May 2001 03:27:00 -0700 (PDT);
john.arnold@enron.com;
kim.ward@enron.com;
RE:;
Fri, 4 May 2001 03:26:00 -0700 (PDT);
john.arnold@enron.com;
adam.r.bayer@vanderbilt.edu;
Re: Hi;
Fri, 4 May 2001 03:19:00 -0700 (PDT);
john.arnold@enron.com;
ina.rangel@enron.com;
Re: <<Concur Expense Document>> - Quigley050401;
Fri, 4 May 2001 03:05:00 -0700 (PDT);
john.arnold@enron.com;
kendrick.brown@eia.doe.gov;
;
Wed, 8 Nov 2000 09:07:00 -0800 (PST);
john.arnold@enron.com;
sarah.wesner@enron.com;
Re: Fimat (Soc Gen Line);
Fri, 4 May 2001 03:04:00 -0700 (PDT);
john.arnold@enron.com;
john.disturnal@enron.com, john.griffith@enron.com, mike.maggi@enron.com;
option candlesticks technical paper;
Fri, 4 May 2001 02:46:00 -0700 (PDT);
john.arnold@enron.com;
ina.rangel@enron.com;
<<Concur Expense Document>> - Quigley050401;
Fri, 4 May 2001 02:38:00 -0700 (PDT);
john.arnold@enron.com;
kim.ward@enron.com;
Re:;
Fri, 4 May 2001 02:38:00 -0700 (PDT);
john.arnold@enron.com;
kevin.mcgowan@enron.com;
Re:;
Fri, 4 May 2001 02:36:00 -0700 (PDT);
john.arnold@enron.com;
jeffrey.shankman@enron.com;
;
Wed, 2 May 2001 07:35:00 -0700 (PDT);
john.arnold@enron.com;
mike.roberts@enron.com;
Re: No Cracks;
Tue, 1 May 2001 08:56:00 -0700 (PDT);
john.arnold@enron.com;
soblander@carrfut.com;
Re: Please respond;
Tue, 1 May 2001 05:40:00 -0700 (PDT);
john.arnold@enron.com;
mike.maggi@enron.com, john.disturnal@enron.com, john.griffith@enron.com;
option candlesticks as a hot link;
Tue, 1 May 2001 01:11:00 -0700 (PDT);
john.arnold@enron.com;
margaret.allen@enron.com;
;
Mon, 30 Apr 2001 14:29:00 -0700 (PDT);
john.arnold@enron.com;
stephanie.sever@enron.com;
;
Wed, 8 Nov 2000 08:57:00 -0800 (PST);
john.arnold@enron.com;
jean.mrha@enron.com;
RE: Your note;
Mon, 30 Apr 2001 13:58:00 -0700 (PDT);
john.arnold@enron.com;
ina.rangel@enron.com;
Advisory invoice;
Mon, 30 Apr 2001 13:29:00 -0700 (PDT);
john.arnold@enron.com;
jean.mrha@enron.com;
;
Mon, 30 Apr 2001 13:22:00 -0700 (PDT);
john.arnold@enron.com;
edie.leschber@enron.com;
Re: March 2001/1Q 2001 Reporting Package;
Mon, 30 Apr 2001 13:13:00 -0700 (PDT);
john.arnold@enron.com;
caroline.abramo@enron.com;
Re: pulaski;
Mon, 30 Apr 2001 10:09:00 -0700 (PDT);
john.arnold@enron.com;
mike.maggi@enron.com;
natural update;
Mon, 30 Apr 2001 02:31:00 -0700 (PDT);
john.arnold@enron.com;
ina.rangel@enron.com;
;
Sun, 29 Apr 2001 12:45:00 -0700 (PDT);
john.arnold@enron.com;
epao@mba2002.hbs.edu;
;
Sun, 29 Apr 2001 12:15:00 -0700 (PDT);
john.arnold@enron.com;
john.arnold@enron.com;
;
Fri, 27 Apr 2001 08:05:00 -0700 (PDT);
john.arnold@enron.com;
kim.ward@enron.com;
;
Thu, 26 Apr 2001 10:32:00 -0700 (PDT);
john.arnold@enron.com;
smithf@epenergy.com;
Re:;
Wed, 8 Nov 2000 03:55:00 -0800 (PST);
john.arnold@enron.com;
jennifer.fraser@enron.com;
Re: PIRA;
Thu, 26 Apr 2001 04:12:00 -0700 (PDT);
john.arnold@enron.com;
michael.gapinski@ubspainewebber.com;
RE: Receipt of Hedge Fund Information;
Wed, 25 Apr 2001 12:08:00 -0700 (PDT);
john.arnold@enron.com;
jonathan.whitehead@enron.com;
Re: LNG;
Wed, 25 Apr 2001 12:02:00 -0700 (PDT);
john.arnold@enron.com;
jennifer.fraser@enron.com;
Re: please fill in--i lost the scrap of paper;
Wed, 25 Apr 2001 11:59:00 -0700 (PDT);
john.arnold@enron.com;
jennifer.fraser@enron.com;
Re: PIRA Global Oil and Natural Outlooks- Save these dates.;
Wed, 25 Apr 2001 11:55:00 -0700 (PDT);
john.arnold@enron.com;
jennifer.fraser@enron.com;
Re: Understanding the natural view;
Wed, 25 Apr 2001 11:54:00 -0700 (PDT);
john.arnold@enron.com;
ina.rangel@enron.com;
Sixth Floor Layout;
Wed, 25 Apr 2001 11:39:00 -0700 (PDT);
john.arnold@enron.com;
john.lavorato@enron.com;
Re:;
Wed, 25 Apr 2001 10:59:00 -0700 (PDT);
john.arnold@enron.com;
jennifer.fraser@enron.com;
;
Wed, 25 Apr 2001 07:40:00 -0700 (PDT);
john.arnold@enron.com;
ina.rangel@enron.com;
Re: Power Group;
Tue, 24 Apr 2001 04:41:00 -0700 (PDT);
john.arnold@enron.com;
brian.hoskins@enron.com;
Re:;
Mon, 6 Nov 2000 07:07:00 -0800 (PST);
john.arnold@enron.com;
mike.maggi@enron.com, john.griffith@enron.com, john.disturnal@enron.com;
option candlesticks;
Mon, 23 Apr 2001 05:53:00 -0700 (PDT);
john.arnold@enron.com;
bartonbarile113@cutey.com;
Re: Overwhelmed By Debt? [qenld];
Mon, 23 Apr 2001 00:20:00 -0700 (PDT);
john.arnold@enron.com;
jenwhite7@zdnetonebox.com;
Re: Henry "scuba" called;
Fri, 20 Apr 2001 08:17:00 -0700 (PDT);
john.arnold@enron.com;
wine@bassins.com;
;
Fri, 20 Apr 2001 00:43:00 -0700 (PDT);
john.arnold@enron.com;
jennifer.fraser@enron.com;
Re: please fill in--i lost the scrap of paper;
Thu, 19 Apr 2001 09:33:00 -0700 (PDT);
john.arnold@enron.com;
mike.maggi@enron.com, john.griffith@enron.com, john.disturnal@enron.com;
option candlesticks;
Thu, 19 Apr 2001 04:28:00 -0700 (PDT);
john.arnold@enron.com;
michael.gapinski@ubspainewebber.com;
RE: Receipt of Hedge Fund Information;
Wed, 18 Apr 2001 14:13:00 -0700 (PDT);
john.arnold@enron.com;
julie.pechersky@enron.com;
Re: FW: bloomberg;
Wed, 18 Apr 2001 14:09:00 -0700 (PDT);
john.arnold@enron.com;
ina.rangel@enron.com;
2- SURVEY/INFORMATION EMAIL;
Wed, 18 Apr 2001 14:05:00 -0700 (PDT);
john.arnold@enron.com;
jeanie.slone@enron.com;
;
Wed, 18 Apr 2001 04:49:00 -0700 (PDT);
john.arnold@enron.com;
mike.maggi@enron.com;
daily charts and matrices as hot links 11/6;
Mon, 6 Nov 2000 01:46:00 -0800 (PST);
john.arnold@enron.com;
jeanie.slone@enron.com;
;
Tue, 17 Apr 2001 14:14:00 -0700 (PDT);
john.arnold@enron.com;
jennifer.fraser@enron.com;
RE: ng views + wager;
Tue, 17 Apr 2001 14:03:00 -0700 (PDT);
john.arnold@enron.com;
epao@mba2002.hbs.edu;
Re: FW: Clay Christensen Speaks: Wednesday, 3:30, Spangler Auditorium!;
Tue, 17 Apr 2001 00:27:00 -0700 (PDT);
john.arnold@enron.com;
michael.gapinski@painewebber.com;
RE: Receipt of Hedge Fund Information;
Mon, 16 Apr 2001 08:59:00 -0700 (PDT);
john.arnold@enron.com;
chris.abel@enron.com;
Re: Loss Limit Notification for April 11th and 12th;
Mon, 16 Apr 2001 07:53:00 -0700 (PDT);
john.arnold@enron.com;
francielou3224@comic.com;
Re: Pay all bills with just 1 monthly payment! [y5i64];
Mon, 16 Apr 2001 04:43:00 -0700 (PDT);
john.arnold@enron.com;
jennifer.fraser@enron.com;
RE: ng views + wager;
Mon, 16 Apr 2001 00:43:00 -0700 (PDT);
john.arnold@enron.com;
cwomack@rice.edu;
Re: EnronOnline competitor questionnaire;
Sun, 15 Apr 2001 13:36:00 -0700 (PDT);
john.arnold@enron.com;
jennifer.fraser@enron.com;
RE: ng views + wager;
Sun, 15 Apr 2001 08:29:00 -0700 (PDT);
john.arnold@enron.com;
leehouse211@asia.com;
Re: I need your phone # to help your debt problem. [h7gmu];
Sun, 15 Apr 2001 08:21:00 -0700 (PDT);
john.arnold@enron.com;
ina.rangel@enron.com;
Subscription;
Tue, 12 Dec 2000 09:15:00 -0800 (PST);
john.arnold@enron.com;
jeanie.slone@enron.com;
Re: Final Gas and Power Trading PRC meeting;
Sun, 5 Nov 2000 08:58:00 -0800 (PST);
john.arnold@enron.com;
korydegan4034@publicist.com;
Re: Need help with your bills this month? [swbij];
Sun, 15 Apr 2001 08:20:00 -0700 (PDT);
john.arnold@enron.com;
annamaedicastro2195@witty.com;
Re: Stop harrassment by creditors, today! [amfos];
Sun, 15 Apr 2001 08:20:00 -0700 (PDT);
john.arnold@enron.com;
dutch.quigley@enron.com;
;
Thu, 12 Apr 2001 06:01:00 -0700 (PDT);
john.arnold@enron.com;
jennifer.fraser@enron.com;
RE: ng views + wager;
Thu, 12 Apr 2001 04:03:00 -0700 (PDT);
john.arnold@enron.com;
caroline.abramo@enron.com;
Re: SUNRISE CAPITAL;
Thu, 12 Apr 2001 03:18:00 -0700 (PDT);
john.arnold@enron.com;
david.forster@enron.com;
;
Thu, 12 Apr 2001 01:31:00 -0700 (PDT);
john.arnold@enron.com;
jennifer.fraser@enron.com;
Re: ng views;
Wed, 11 Apr 2001 15:40:00 -0700 (PDT);
john.arnold@enron.com;
jennifer.fraser@enron.com;
RE: ng views;
Wed, 11 Apr 2001 15:35:00 -0700 (PDT);
john.arnold@enron.com;
jennifer.fraser@enron.com;
RE: ng views;
Wed, 11 Apr 2001 15:33:00 -0700 (PDT);
john.arnold@enron.com;
jennifer.fraser@enron.com;
Re: ng views;
Wed, 11 Apr 2001 08:56:00 -0700 (PDT);
john.arnold@enron.com;
errol.mclaughlin@enron.com;
ACCESS Trades 11/03/00;
Sun, 5 Nov 2000 08:43:00 -0800 (PST);
john.arnold@enron.com;
kim.ward@enron.com;
Re:;
Wed, 11 Apr 2001 07:47:00 -0700 (PDT);
john.arnold@enron.com;
jenwhite7@zdnetonebox.com;
Re: tonight;
Wed, 11 Apr 2001 03:48:00 -0700 (PDT);
john.arnold@enron.com;
kim.ward@enron.com;
Re:;
Wed, 11 Apr 2001 03:43:00 -0700 (PDT);
john.arnold@enron.com;
mike.maggi@enron.com;
;
Wed, 11 Apr 2001 01:16:00 -0700 (PDT);
john.arnold@enron.com;
mike.maggi@enron.com, john.griffith@enron.com;
option candlesticks as a hot link 4/10;
Tue, 10 Apr 2001 00:30:00 -0700 (PDT);
john.arnold@enron.com;
dutch.quigley@enron.com;
Henry Hub instead of NYMEX...;
Tue, 10 Apr 2001 00:27:00 -0700 (PDT);
john.arnold@enron.com;
herve.duteil@americas.bnpparibas.com;
Re: Henry Hub instead of NYMEX...;
Tue, 10 Apr 2001 00:27:00 -0700 (PDT);
john.arnold@enron.com;
calvinniggemann1511@bikerider.com;
Re: Increase Sales, Accept Credit Cards! [139qu];
Tue, 10 Apr 2001 00:09:00 -0700 (PDT);
john.arnold@enron.com;
kim.ward@enron.com;
;
Sun, 8 Apr 2001 15:15:00 -0700 (PDT);
john.arnold@enron.com;
jenwhite7@zdnetonebox.com;
Re:;
Fri, 3 Nov 2000 04:27:00 -0800 (PST);
john.arnold@enron.com;
michael.gapinski@ubspainewebber.com;
RE: Monday Conference Call;
Sun, 8 Apr 2001 12:00:00 -0700 (PDT);
john.arnold@enron.com;
jennifer.fraser@enron.com;
;
Sun, 8 Apr 2001 11:42:00 -0700 (PDT);
john.arnold@enron.com;
john.griffith@enron.com;
option candlesticks as a hot link;
Fri, 6 Apr 2001 05:57:00 -0700 (PDT);
john.arnold@enron.com;
mike.maggi@enron.com;
option candlesticks as a hot link;
Fri, 6 Apr 2001 05:57:00 -0700 (PDT);
john.arnold@enron.com;
kristi.tharpe@intcx.com;
Re: Deal Cancellation;
Fri, 6 Apr 2001 00:55:00 -0700 (PDT);
john.arnold@enron.com;
jenwhite7@zdnetonebox.com;
Re: NY hotels;
Thu, 5 Apr 2001 07:54:00 -0700 (PDT);
john.arnold@enron.com;
jenwhite7@zdnetonebox.com;
Re: NY hotels;
Thu, 5 Apr 2001 06:20:00 -0700 (PDT);
john.arnold@enron.com;
matthew.arnold@enron.com;
;
Thu, 5 Apr 2001 00:47:00 -0700 (PDT);
john.arnold@enron.com;
matthew.arnold@enron.com;
;
Thu, 5 Apr 2001 00:31:00 -0700 (PDT);
john.arnold@enron.com;
liz.taylor@enron.com;
;
Thu, 5 Apr 2001 00:30:00 -0700 (PDT);
john.arnold@enron.com;
margaret.allen@enron.com;
Re: NYC rocks;
Thu, 2 Nov 2000 01:35:00 -0800 (PST);
john.arnold@enron.com;
jenwhite7@zdnetmail.com;
12APR HOUSTON TO NEW YORK = JENNIFER WHITE = TICKETED;
Wed, 4 Apr 2001 15:43:00 -0700 (PDT);
john.arnold@enron.com;
klarnold@flash.net;
Re: Friday??;
Wed, 4 Apr 2001 15:41:00 -0700 (PDT);
john.arnold@enron.com;
fzerilli@powermerchants.com;
Re: Jarnold;
Wed, 4 Apr 2001 15:40:00 -0700 (PDT);
john.arnold@enron.com;
jennifer.fraser@enron.com;
Re: Incremental Fuel Switching For Distillate-- Summer Estimate;
Wed, 4 Apr 2001 15:37:00 -0700 (PDT);
john.arnold@enron.com;
michael.gapinski@ubspainewebber.com;
Re: Monday Conference Call;
Wed, 4 Apr 2001 15:23:00 -0700 (PDT);
john.arnold@enron.com;
caroline.abramo@enron.com;
Re: Guggenheim/Enron Event May 24th;
Wed, 4 Apr 2001 13:39:00 -0700 (PDT);
john.arnold@enron.com;
stephen.piasio@ssmb.com;
Re: credit facility...finally;
Wed, 4 Apr 2001 13:37:00 -0700 (PDT);
john.arnold@enron.com;
ina.rangel@enron.com;
Date Revised: Your Invitation to Enron's Executive Forum - 1st Quarter 2001;
Wed, 4 Apr 2001 13:34:00 -0700 (PDT);
john.arnold@enron.com;
sarah.mulholland@enron.com;
Re: us fuel 4/2/01;
Wed, 4 Apr 2001 13:33:00 -0700 (PDT);
john.arnold@enron.com;
ina.rangel@enron.com;
Re: Miami;
Wed, 4 Apr 2001 13:28:00 -0700 (PDT);
john.arnold@enron.com;
margaret.allen@enron.com;
Re: NYC rocks;
Thu, 2 Nov 2000 00:29:00 -0800 (PST);
john.arnold@enron.com;
sharad.agnihotri@enron.com;
Re: Gas Implied Volatility Smile;
Wed, 4 Apr 2001 13:28:00 -0700 (PDT);
john.arnold@enron.com;
slafontaine@globalp.com;
Re: moving on;
Wed, 4 Apr 2001 12:47:00 -0700 (PDT);
john.arnold@enron.com;
dutch.quigley@enron.com;
;
Wed, 4 Apr 2001 04:34:00 -0700 (PDT);
john.arnold@enron.com;
dutch.quigley@enron.com;
Transcanada Trade...;
Wed, 4 Apr 2001 04:34:00 -0700 (PDT);
john.arnold@enron.com;
mike.maggi@enron.com;
;
Wed, 4 Apr 2001 01:31:00 -0700 (PDT);
john.arnold@enron.com;
mike.maggi@enron.com;
daily charts and matrices as hot links 4/4;
Wed, 4 Apr 2001 01:31:00 -0700 (PDT);
john.arnold@enron.com;
kim.ward@enron.com;
;
Tue, 3 Apr 2001 05:27:00 -0700 (PDT);
john.arnold@enron.com;
kim.ward@enron.com;
;
Tue, 3 Apr 2001 01:16:00 -0700 (PDT);
john.arnold@enron.com;
margaret.allen@enron.com;
Re:;
Mon, 2 Apr 2001 07:32:00 -0700 (PDT);
john.arnold@enron.com;
margaret.allen@enron.com;
;
Mon, 2 Apr 2001 05:25:00 -0700 (PDT);
john.arnold@enron.com;
margaret.allen@enron.com;
;
Thu, 2 Nov 2000 00:22:00 -0800 (PST);
john.arnold@enron.com;
slafontaine@globalp.com;
Re: power gen;
Fri, 30 Mar 2001 04:19:00 -0800 (PST);
john.arnold@enron.com;
slafontaine@globalp.com;
Re: power gen;
Fri, 30 Mar 2001 04:05:00 -0800 (PST);
john.arnold@enron.com;
tom.wilbeck@enron.com;
Re: technical help for interviewing traders;
Thu, 29 Mar 2001 11:10:00 -0800 (PST);
john.arnold@enron.com;
ina.rangel@enron.com;
;
Thu, 29 Mar 2001 10:57:00 -0800 (PST);
john.arnold@enron.com;
tom.moran@enron.com;
Re: ICE Trading Platform - Financial Gas Counterparties;
Thu, 29 Mar 2001 10:51:00 -0800 (PST);
john.arnold@enron.com;
sales@cortlandtwines.com;
Re: Cortlandt Wines.Spirits Invoice - Thank you for your order!;
Thu, 29 Mar 2001 10:46:00 -0800 (PST);
john.arnold@enron.com;
slafontaine@globalp.com;
Re: power gen;
Thu, 29 Mar 2001 10:45:00 -0800 (PST);
john.arnold@enron.com;
clayton.vernon@enron.com;
Re: ? about turf;
Thu, 29 Mar 2001 10:38:00 -0800 (PST);
john.arnold@enron.com;
john.lavorato@enron.com;
Re: Astro's Baseball Season Tickets;
Thu, 29 Mar 2001 10:36:00 -0800 (PST);
john.arnold@enron.com;
trademup@yahoo.com;
Re: missing a couple jumbos?;
Wed, 28 Mar 2001 23:20:00 -0800 (PST);
john.arnold@enron.com;
russell.dyk@enron.com;
Re: Credit Suisse First Boston;
Wed, 1 Nov 2000 10:48:00 -0800 (PST);
john.arnold@enron.com;
john.arnold@enron.com;
;
Wed, 28 Mar 2001 10:16:00 -0800 (PST);
john.arnold@enron.com;
klarnold@flash.net;
Re: Devon;
Tue, 27 Mar 2001 23:36:00 -0800 (PST);
john.arnold@enron.com;
dutch.quigley@enron.com, errol.mclaughlin@enron.com;
Still Getting Involiced for Your Deal #258505;
Mon, 26 Mar 2001 06:57:00 -0800 (PST);
john.arnold@enron.com;
slafontaine@globalp.com;
Re: power gen;
Mon, 26 Mar 2001 06:56:00 -0800 (PST);
john.arnold@enron.com;
jenwhite7@zdnetonebox.com;
Re: easter weekend;
Mon, 26 Mar 2001 06:17:00 -0800 (PST);
john.arnold@enron.com;
michael.gapinski@painewebber.com;
RE: Receipt of Hedge Fund Information;
Mon, 26 Mar 2001 03:08:00 -0800 (PST);
john.arnold@enron.com;
slafontaine@globalp.com;
Re: distillates;
Sun, 25 Mar 2001 13:25:00 -0800 (PST);
john.arnold@enron.com;
slafontaine@globalp.com;
Re: distillates;
Sun, 25 Mar 2001 10:30:00 -0800 (PST);
john.arnold@enron.com;
frank.hayden@enron.com;
Re: FW: Rick Buy Report Tomorrow--Your comments needed;
Sun, 25 Mar 2001 07:44:00 -0800 (PST);
john.arnold@enron.com;
sandra.brawner@enron.com;
Here is the Article---no picture though...;
Fri, 23 Mar 2001 04:32:00 -0800 (PST);
john.arnold@enron.com;
margaret.allen@enron.com;
;
Wed, 1 Nov 2000 08:33:00 -0800 (PST);
john.arnold@enron.com;
caroline.abramo@enron.com;
Re: today;
Fri, 23 Mar 2001 03:00:00 -0800 (PST);
john.arnold@enron.com;
ina.rangel@enron.com;
CONFIRMATION: March 30, 2001 Executive Forum;
Wed, 21 Mar 2001 09:51:00 -0800 (PST);
john.arnold@enron.com;
herve.duteil@americas.bnpparibas.com;
Re: Cancellation of EOL Deal #1025253;
Wed, 21 Mar 2001 08:17:00 -0800 (PST);
john.arnold@enron.com;
margaret.allen@enron.com;
Re: Guggenheim Museum;
Wed, 21 Mar 2001 08:16:00 -0800 (PST);
john.arnold@enron.com;
jenwhite7@zdnetonebox.com;
Re:;
Wed, 21 Mar 2001 07:58:00 -0800 (PST);
john.arnold@enron.com;
dutch.quigley@enron.com;
From a recent milk carton;
Wed, 21 Mar 2001 03:15:00 -0800 (PST);
john.arnold@enron.com;
jennifer.fraser@enron.com;
RE: fundamentals thought dimensions;
Wed, 21 Mar 2001 03:00:00 -0800 (PST);
john.arnold@enron.com;
jennifer.fraser@enron.com;
Re: fundamentals thought dimensions;
Wed, 21 Mar 2001 02:33:00 -0800 (PST);
john.arnold@enron.com;
mike.maggi@enron.com;
Re: Guggenheim Museum;
Tue, 20 Mar 2001 13:38:00 -0800 (PST);
john.arnold@enron.com;
slafontaine@globalp.com;
Re: SCS Daily Volatility Report as of 3/19/01;
Tue, 20 Mar 2001 13:34:00 -0800 (PST);
john.arnold@enron.com;
stinson.gibner@enron.com;
;
Wed, 1 Nov 2000 06:54:00 -0800 (PST);
john.arnold@enron.com;
debbie.nowak@enron.com;
Re: Your Invitation to Enron's Executive Forum - 1st Quarter 2001;
Tue, 20 Mar 2001 12:46:00 -0800 (PST);
john.arnold@enron.com;
ted.bland@enron.com;
Dinner Invitation - April 10, 2001 (For Trading Track);
Tue, 20 Mar 2001 12:43:00 -0800 (PST);
john.arnold@enron.com;
jennifer.fraser@enron.com;
Re: FW: LNG Weekly Update;
Tue, 20 Mar 2001 12:36:00 -0800 (PST);
john.arnold@enron.com;
andrew.fairley@enron.com;
Re: Trip to Houston;
Tue, 20 Mar 2001 12:22:00 -0800 (PST);
john.arnold@enron.com;
slafontaine@globalp.com;
Re: SCS Daily Volatility Report as of 3/19/01;
Tue, 20 Mar 2001 07:06:00 -0800 (PST);
john.arnold@enron.com;
mike.maggi@enron.com;
daily charts and matrices as hot links 3/20;
Mon, 19 Mar 2001 23:20:00 -0800 (PST);
john.arnold@enron.com;
matthew.arnold@enron.com;
Re:;
Mon, 19 Mar 2001 08:30:00 -0800 (PST);
john.arnold@enron.com;
michael.gapinski@painewebber.com;
Re: Receipt of Hedge Fund Information;
Mon, 19 Mar 2001 07:23:00 -0800 (PST);
john.arnold@enron.com;
matthew.arnold@enron.com;
;
Mon, 19 Mar 2001 07:23:00 -0800 (PST);
john.arnold@enron.com;
john.lavorato@enron.com;
;
Mon, 19 Mar 2001 06:22:00 -0800 (PST);
john.arnold@enron.com;
heather.alon@enron.com;
Re: video shoot;
Wed, 1 Nov 2000 06:36:00 -0800 (PST);
john.arnold@enron.com;
margaret.allen@enron.com;
Re: Guggenheim Museum;
Mon, 19 Mar 2001 03:22:00 -0800 (PST);
john.arnold@enron.com;
shirley.sklar@idrc.org;
Re: Attached Invitation from IDRC Houston Chapter;
Sun, 18 Mar 2001 10:56:00 -0800 (PST);
john.arnold@enron.com;
slafontaine@globalp.com;
Re: hub cash?;
Thu, 15 Mar 2001 01:57:00 -0800 (PST);
john.arnold@enron.com;
slafontaine@globalp.com;
Re: hub cash?;
Thu, 15 Mar 2001 00:36:00 -0800 (PST);
john.arnold@enron.com;
slafontaine@globalp.com;
Re: utilites?;
Thu, 15 Mar 2001 00:27:00 -0800 (PST);
john.arnold@enron.com;
slafontaine@globalp.com;
Re: utilites?;
Thu, 15 Mar 2001 00:08:00 -0800 (PST);
john.arnold@enron.com;
slafontaine@globalp.com;
Re: utilites?;
Thu, 15 Mar 2001 00:08:00 -0800 (PST);
john.arnold@enron.com;
peter.keavey@enron.com;
Yahoo! Sports Tournament Pick'em;
Wed, 14 Mar 2001 23:28:00 -0800 (PST);
john.arnold@enron.com;
john.lavorato@enron.com;
Yahoo! Sports Tournament Pick'em;
Wed, 14 Mar 2001 09:17:00 -0800 (PST);
john.arnold@enron.com;
jennifer.fraser@enron.com;
Re: how are your broker relationships?;
Wed, 14 Mar 2001 08:52:00 -0800 (PST);
john.arnold@enron.com;
caroline.abramo@enron.com;
Re: HARVARD;
Tue, 12 Dec 2000 09:14:00 -0800 (PST);
john.arnold@enron.com;
david.forster@enron.com;
;
Wed, 1 Nov 2000 03:21:00 -0800 (PST);
john.arnold@enron.com;
george.ellis@americas.bnpparibas.com;
Re: BNP PARIBAS Commodity Futures Weekly AGA Survey;
Wed, 14 Mar 2001 01:40:00 -0800 (PST);
john.arnold@enron.com;
ann.schmidt@enron.com;
Re: Question;
Wed, 14 Mar 2001 01:39:00 -0800 (PST);
john.arnold@enron.com;
slafontaine@globalp.com;
Re: utilites?;
Tue, 13 Mar 2001 23:30:00 -0800 (PST);
john.arnold@enron.com;
jenwhite7@zdnetonebox.com;
Re: ooops....;
Tue, 13 Mar 2001 08:13:00 -0800 (PST);
john.arnold@enron.com;
john.arnold@enron.com;
;
Tue, 13 Mar 2001 08:11:00 -0800 (PST);
john.arnold@enron.com;
jenwhite7@zdnetonebox.com;
Re: ooops....;
Fri, 9 Mar 2001 06:27:00 -0800 (PST);
john.arnold@enron.com;
jennifer.shipos@enron.com;
Re:;
Thu, 8 Mar 2001 05:22:00 -0800 (PST);
john.arnold@enron.com;
jenwhite7@zdnetonebox.com;
Re: ooops....;
Thu, 8 Mar 2001 03:53:00 -0800 (PST);
john.arnold@enron.com;
mike.maggi@enron.com;
Enron Mentions;
Thu, 8 Mar 2001 01:47:00 -0800 (PST);
john.arnold@enron.com;
stephenc@edfman.com;
Fw: ETKT Confirmation -;
Wed, 7 Mar 2001 23:36:00 -0800 (PST);
john.arnold@enron.com;
andy.zipper@enron.com;
Re: Adam Resources;
Wed, 1 Nov 2000 02:17:00 -0800 (PST);
john.arnold@enron.com;
mike.maggi@enron.com;
daily charts and matrices as hot links 3/8;
Wed, 7 Mar 2001 23:23:00 -0800 (PST);
john.arnold@enron.com;
george.ellis@americas.bnpparibas.com;
Re: BNP PARIBAS Commodity Futures Weekly AGA Survey;
Wed, 7 Mar 2001 02:01:00 -0800 (PST);
john.arnold@enron.com;
jennifer.fraser@enron.com;
Re: rebuttal;
Wed, 7 Mar 2001 01:42:00 -0800 (PST);
john.arnold@enron.com;
jennifer.fraser@enron.com;
RE:;
Wed, 7 Mar 2001 00:31:00 -0800 (PST);
john.arnold@enron.com;
john.arnold@enron.com;
;
Tue, 6 Mar 2001 13:04:00 -0800 (PST);
john.arnold@enron.com;
chris.gaskill@enron.com;
FW: 2001 Natural Gas Production and Price Outlook Conference Call;
Tue, 6 Mar 2001 08:40:00 -0800 (PST);
john.arnold@enron.com;
slafontaine@globalp.com;
Re: eia power demand;
Tue, 6 Mar 2001 07:08:00 -0800 (PST);
john.arnold@enron.com;
greg.whalley@enron.com;
Re: Greg's Bill;
Tue, 6 Mar 2001 04:05:00 -0800 (PST);
john.arnold@enron.com;
jennifer.fraser@enron.com;
RE:;
Tue, 6 Mar 2001 03:42:00 -0800 (PST);
john.arnold@enron.com;
jennifer.fraser@enron.com;
Re:;
Tue, 6 Mar 2001 03:02:00 -0800 (PST);
john.arnold@enron.com;
margaret.allen@enron.com;
Re: The date;
Fri, 27 Oct 2000 09:30:00 -0700 (PDT);
john.arnold@enron.com;
slafontaine@globalp.com;
Re: contangos vs winter putspds;
Tue, 6 Mar 2001 02:28:00 -0800 (PST);
john.arnold@enron.com;
slafontaine@globalp.com;
Re: contangos vs winter putspds;
Tue, 6 Mar 2001 01:51:00 -0800 (PST);
john.arnold@enron.com;
greg.whalley@enron.com;
Enron Mentions - 03-04-01;
Mon, 5 Mar 2001 23:43:00 -0800 (PST);
john.arnold@enron.com;
slafontaine@globalp.com;
Re: ecommerce;
Mon, 5 Mar 2001 23:15:00 -0800 (PST);
john.arnold@enron.com;
sales@popswine.com;
RE: Pops Order Number 20267 John Arnold;
Mon, 5 Mar 2001 23:08:00 -0800 (PST);
john.arnold@enron.com;
matthew.arnold@enron.com;
RE: Pops Order Number 20267 John Arnold;
Mon, 5 Mar 2001 23:06:00 -0800 (PST);
john.arnold@enron.com;
jeanie.slone@enron.com;
;
Mon, 5 Mar 2001 05:30:00 -0800 (PST);
john.arnold@enron.com;
gary.hickerson@enron.com;
Re: CANCELLED - Trader's Roundtable;
Mon, 5 Mar 2001 05:04:00 -0800 (PST);
john.arnold@enron.com;
john.lavorato@enron.com;
;
Mon, 5 Mar 2001 02:56:00 -0800 (PST);
john.arnold@enron.com;
slafontaine@globalp.com;
Re: contangos vs winter putspds;
Sun, 4 Mar 2001 08:31:00 -0800 (PST);
john.arnold@enron.com;
jenwhite7@zdnetonebox.com;
Re: good morning;
Thu, 26 Oct 2000 10:26:00 -0700 (PDT);
john.arnold@enron.com;
slafontaine@globalp.com;
Re: friday;
Sat, 3 Mar 2001 12:10:00 -0800 (PST);
john.arnold@enron.com;
gary.hickerson@enron.com;
CANCELLED - Trader's Roundtable;
Fri, 2 Mar 2001 08:23:00 -0800 (PST);
john.arnold@enron.com;
slafontaine@globalp.com;
Re: silverman;
Fri, 2 Mar 2001 08:22:00 -0800 (PST);
john.arnold@enron.com;
chris.gaskill@enron.com;
;
Fri, 2 Mar 2001 02:45:00 -0800 (PST);
john.arnold@enron.com;
slafontaine@globalp.com;
Re: silverman;
Fri, 2 Mar 2001 02:44:00 -0800 (PST);
john.arnold@enron.com;
slafontaine@globalp.com;
Re: silverman;
Fri, 2 Mar 2001 02:22:00 -0800 (PST);
john.arnold@enron.com;
caroline.abramo@enron.com;
Re: thanks/ follow up;
Fri, 2 Mar 2001 02:21:00 -0800 (PST);
john.arnold@enron.com;
slafontaine@globalp.com;
Re: mkts;
Wed, 28 Feb 2001 03:15:00 -0800 (PST);
john.arnold@enron.com;
slafontaine@globalp.com;
Re: cash mkts;
Wed, 28 Feb 2001 02:50:00 -0800 (PST);
john.arnold@enron.com;
slafontaine@globalp.com;
Re: mkts;
Wed, 28 Feb 2001 00:23:00 -0800 (PST);
john.arnold@enron.com;
jenwhite7@zdnetonebox.com;
Re: good morning;
Thu, 26 Oct 2000 04:12:00 -0700 (PDT);
john.arnold@enron.com;
michael.byrne@americas.bnpparibas.com;
Re: BNP PARIBAS Commodity Futures Weekly AGA Survey;
Tue, 27 Feb 2001 23:20:00 -0800 (PST);
john.arnold@enron.com;
ina.rangel@enron.com;
Invoice for advisory work;
Tue, 27 Feb 2001 22:54:00 -0800 (PST);
john.arnold@enron.com;
slafontaine@globalp.com;
Re: mkts;
Tue, 27 Feb 2001 14:05:00 -0800 (PST);
john.arnold@enron.com;
john.lavorato@enron.com;
;
Tue, 27 Feb 2001 11:25:00 -0800 (PST);
john.arnold@enron.com;
slafontaine@globalp.com;
Re: mkts;
Tue, 27 Feb 2001 11:23:00 -0800 (PST);
john.arnold@enron.com;
andy.zipper@enron.com;
Re: Suspend switch;
Tue, 27 Feb 2001 10:58:00 -0800 (PST);
john.arnold@enron.com;
mike.maggi@enron.com, dutch.quigley@enron.com;
EnronOnline Spreads Information Session;
Tue, 27 Feb 2001 10:53:00 -0800 (PST);
john.arnold@enron.com;
jeanie.slone@enron.com;
Re: john griffith;
Tue, 27 Feb 2001 07:26:00 -0800 (PST);
john.arnold@enron.com;
jennifer.white@oceanenergy.com;
Re: when are you free for scuba next week?;
Mon, 26 Feb 2001 12:38:00 -0800 (PST);
john.arnold@enron.com;
ina.rangel@enron.com;
Drift Meeting;
Mon, 26 Feb 2001 12:33:00 -0800 (PST);
john.arnold@enron.com;
jenwhite7@zdnetonebox.com;
Re: good morning;
Thu, 26 Oct 2000 02:21:00 -0700 (PDT);
john.arnold@enron.com;
ina.rangel@enron.com;
FW: "Chinese Wall" Classroom Training;
Mon, 26 Feb 2001 12:33:00 -0800 (PST);
john.arnold@enron.com;
michael.gapinski@painewebber.com;
RE: Buying back calls;
Mon, 26 Feb 2001 12:30:00 -0800 (PST);
john.arnold@enron.com;
sean.cooper@elpaso.com;
Re: New email address;
Mon, 26 Feb 2001 04:12:00 -0800 (PST);
john.arnold@enron.com;
john.lavorato@enron.com;
RE:;
Mon, 26 Feb 2001 00:51:00 -0800 (PST);
john.arnold@enron.com;
john.lavorato@enron.com;
RE:;
Sun, 25 Feb 2001 11:10:00 -0800 (PST);
john.arnold@enron.com;
john.lavorato@enron.com;
;
Sun, 25 Feb 2001 10:42:00 -0800 (PST);
john.arnold@enron.com;
mike.maggi@enron.com;
Natural update;
Sun, 25 Feb 2001 10:30:00 -0800 (PST);
john.arnold@enron.com;
klarnold@flash.net;
Re: WINE SPECTATOR;
Sun, 25 Feb 2001 08:58:00 -0800 (PST);
john.arnold@enron.com;
stephen.piasio@ssmb.com;
Re: FW: 2001 Natural Gas Production and Price Outlook Conference Call;
Sat, 24 Feb 2001 05:03:00 -0800 (PST);
john.arnold@enron.com;
michael.gapinski@painewebber.com;
RE: Buying back calls;
Sat, 24 Feb 2001 02:40:00 -0800 (PST);
john.arnold@enron.com;
margaret.allen@enron.com;
Re:;
Wed, 25 Oct 2000 09:16:00 -0700 (PDT);
john.arnold@enron.com;
kimberly.hillis@enron.com;
;
Fri, 23 Feb 2001 02:22:00 -0800 (PST);
john.arnold@enron.com;
klarnold@flash.net;
Re: Smith Barney;
Thu, 22 Feb 2001 23:28:00 -0800 (PST);
john.arnold@enron.com;
john.lavorato@enron.com;
RE:;
Wed, 21 Feb 2001 23:06:00 -0800 (PST);
john.arnold@enron.com;
john.lavorato@enron.com;
;
Wed, 21 Feb 2001 09:40:00 -0800 (PST);
john.arnold@enron.com;
ksmalek@aep.com;
Re: question;
Wed, 21 Feb 2001 04:26:00 -0800 (PST);
john.arnold@enron.com;
bill.white@enron.com;
Re:;
Wed, 21 Feb 2001 00:20:00 -0800 (PST);
john.arnold@enron.com;
andrew.fairley@enron.com;
Re: Trip to Houston;
Tue, 20 Feb 2001 14:26:00 -0800 (PST);
john.arnold@enron.com;
sheri.thomas@enron.com;
Re: ICE;
Tue, 20 Feb 2001 14:15:00 -0800 (PST);
john.arnold@enron.com;
michael.gapinski@painewebber.com;
Re: Buying back calls;
Tue, 20 Feb 2001 14:14:00 -0800 (PST);
john.arnold@enron.com;
kevin.meredith@enron.com;
Re: US Spread Product;
Mon, 19 Feb 2001 09:11:00 -0800 (PST);
john.arnold@enron.com;
margaret.allen@enron.com;
Re:;
Wed, 25 Oct 2000 07:59:00 -0700 (PDT);
john.arnold@enron.com;
john.lavorato@enron.com;
Re:;
Mon, 19 Feb 2001 07:14:00 -0800 (PST);
john.arnold@enron.com;
sgtcase@aol.com;
Enjoy Bud;
Thu, 15 Feb 2001 06:51:00 -0800 (PST);
john.arnold@enron.com;
andy.zipper@enron.com, david.forster@enron.com;
;
Thu, 15 Feb 2001 06:40:00 -0800 (PST);
john.arnold@enron.com;
andy.zipper@enron.com;
RE:;
Thu, 15 Feb 2001 05:39:00 -0800 (PST);
john.arnold@enron.com;
andy.zipper@enron.com;
;
Thu, 15 Feb 2001 04:43:00 -0800 (PST);
john.arnold@enron.com;
steve.c.lengkeekjr@conectiv.com;
Re: Swaps for EFPS;
Thu, 15 Feb 2001 04:41:00 -0800 (PST);
john.arnold@enron.com;
ina.rangel@enron.com;
;
Tue, 13 Feb 2001 23:42:00 -0800 (PST);
john.arnold@enron.com;
errol.mclaughlin@enron.com, n@enron.com;
Deal# 863626 from 2001-02-07;
Tue, 13 Feb 2001 23:33:00 -0800 (PST);
john.arnold@enron.com;
genchedi@er.oge.com;
Re: Deal# 863626 from 2001-02-07;
Tue, 13 Feb 2001 23:32:00 -0800 (PST);
john.arnold@enron.com;
jenwhite7@zdnetonebox.com;
Re: credit card;
Tue, 13 Feb 2001 03:43:00 -0800 (PST);
john.arnold@enron.com;
margaret.allen@enron.com;
Re:;
Wed, 25 Oct 2000 07:34:00 -0700 (PDT);
john.arnold@enron.com;
mattc@elitebrokers.net;
Enjoy Bud;
Tue, 13 Feb 2001 03:36:00 -0800 (PST);
john.arnold@enron.com;
errol.mclaughlin@enron.com;
;
Mon, 12 Feb 2001 23:46:00 -0800 (PST);
john.arnold@enron.com;
mike.maggi@enron.com;
Enjoy Bud;
Mon, 12 Feb 2001 09:27:00 -0800 (PST);
john.arnold@enron.com;
slafontaine@globalp.com;
Re: h/j/k;
Mon, 12 Feb 2001 07:18:00 -0800 (PST);
john.arnold@enron.com;
caroline.abramo@enron.com;
Re: dinner;
Mon, 12 Feb 2001 06:55:00 -0800 (PST);
john.arnold@enron.com;
vladimir.gorny@enron.com;
Re:;
Mon, 12 Feb 2001 06:46:00 -0800 (PST);
john.arnold@enron.com;
liz.taylor@enron.com;
;
Mon, 12 Feb 2001 06:44:00 -0800 (PST);
john.arnold@enron.com;
jenwhite7@zdnetonebox.com;
Re: I know it's a week away;
Sun, 11 Feb 2001 23:40:00 -0800 (PST);
john.arnold@enron.com;
mike.maggi@enron.com;
Natural update;
Sun, 11 Feb 2001 23:29:00 -0800 (PST);
john.arnold@enron.com;
ina.rangel@enron.com;
;
Sun, 11 Feb 2001 11:14:00 -0800 (PST);
john.arnold@enron.com;
brian.hoskins@enron.com;
Re: Implementation issue on IE5.0/5.5;
Wed, 25 Oct 2000 05:25:00 -0700 (PDT);
john.arnold@enron.com;
liz.taylor@enron.com;
Re: Super Bowl;
Fri, 9 Feb 2001 07:22:00 -0800 (PST);
john.arnold@enron.com;
jenwhite7@zdnetonebox.com;
Re: ....what happens at La Strada STAYS at La Strada!!!;
Fri, 9 Feb 2001 07:21:00 -0800 (PST);
john.arnold@enron.com;
ina.rangel@enron.com;
Re: Gas Message Board;
Fri, 9 Feb 2001 06:40:00 -0800 (PST);
john.arnold@enron.com;
errol.mclaughlin@enron.com;
;
Fri, 9 Feb 2001 04:33:00 -0800 (PST);
john.arnold@enron.com;
errol.mclaughlin@enron.com, dutch.quigley@enron.com;
;
Fri, 9 Feb 2001 00:16:00 -0800 (PST);
john.arnold@enron.com;
margaret.allen@enron.com;
;
Thu, 8 Feb 2001 23:41:00 -0800 (PST);
john.arnold@enron.com;
margaret.allen@enron.com;
Re:;
Thu, 8 Feb 2001 07:36:00 -0800 (PST);
john.arnold@enron.com;
slafontaine@globalp.com;
Re: spreads;
Thu, 8 Feb 2001 03:53:00 -0800 (PST);
john.arnold@enron.com;
margaret.allen@enron.com;
Re:;
Thu, 8 Feb 2001 02:25:00 -0800 (PST);
john.arnold@enron.com;
margaret.allen@enron.com;
;
Thu, 8 Feb 2001 01:29:00 -0800 (PST);
john.arnold@enron.com;
slafontaine@globalp.com;
re:f/g;
Tue, 12 Dec 2000 09:13:00 -0800 (PST);
john.arnold@enron.com;
margaret.allen@enron.com;
Re:;
Wed, 25 Oct 2000 05:24:00 -0700 (PDT);
john.arnold@enron.com;
slafontaine@globalp.com;
Re: EarthSAT UPDATE;
Wed, 7 Feb 2001 23:26:00 -0800 (PST);
john.arnold@enron.com;
jenwhite7@zdnetonebox.com;
Re: continental-delta article;
Wed, 7 Feb 2001 09:03:00 -0800 (PST);
john.arnold@enron.com;
slafontaine@globalp.com;
Re: weather pop;
Wed, 7 Feb 2001 06:32:00 -0800 (PST);
john.arnold@enron.com;
slafontaine@globalp.com;
Re: weather pop;
Wed, 7 Feb 2001 06:18:00 -0800 (PST);
john.arnold@enron.com;
slafontaine@globalp.com;
Re: weather pop;
Wed, 7 Feb 2001 05:34:00 -0800 (PST);
john.arnold@enron.com;
liz.taylor@enron.com;
Re: Destiny's Child;
Wed, 7 Feb 2001 02:16:00 -0800 (PST);
john.arnold@enron.com;
jenwhite7@zdnetonebox.com;
Re: continental-delta article;
Wed, 7 Feb 2001 02:12:00 -0800 (PST);
john.arnold@enron.com;
slafontaine@globalp.com;
Re: diff topic;
Tue, 6 Feb 2001 23:43:00 -0800 (PST);
john.arnold@enron.com;
slafontaine@globalp.com;
Re: diff topic;
Tue, 6 Feb 2001 23:30:00 -0800 (PST);
john.arnold@enron.com;
begone@cliffhanger.com;
remove from email list;
Tue, 6 Feb 2001 23:27:00 -0800 (PST);
john.arnold@enron.com;
matthew.arnold@enron.com;
Your Brother;
Wed, 25 Oct 2000 04:45:00 -0700 (PDT);
john.arnold@enron.com;
slafontaine@globalp.com;
Re: daily charts and matrices as hot links 2/6;
Tue, 6 Feb 2001 05:15:00 -0800 (PST);
john.arnold@enron.com;
slafontaine@globalp.com;
Re: daily charts and matrices as hot links 2/6;
Tue, 6 Feb 2001 02:59:00 -0800 (PST);
john.arnold@enron.com;
diana.mclaughlin@enron.com, dutch.quigley@enron.com;
swaps;
Tue, 6 Feb 2001 02:44:00 -0800 (PST);
john.arnold@enron.com;
parker.drew@msdw.com;
Re: swaps;
Tue, 6 Feb 2001 02:44:00 -0800 (PST);
john.arnold@enron.com;
dutch.quigley@enron.com;
FW: A crossroads we have all been at ...;
Mon, 5 Feb 2001 09:11:00 -0800 (PST);
john.arnold@enron.com;
slafontaine@globalp.com;
Re: diff topic;
Mon, 5 Feb 2001 09:10:00 -0800 (PST);
john.arnold@enron.com;
fletcher.sturm@enron.com, larry.may@enron.com;
re: options;
Mon, 5 Feb 2001 05:00:00 -0800 (PST);
john.arnold@enron.com;
neal.wood@usa.conoco.com;
Re: APR01-MAR02 Strip, varying monthly volumes;
Mon, 5 Feb 2001 03:43:00 -0800 (PST);
john.arnold@enron.com;
slafontaine@globalp.com;
Re: v/x;
Sun, 4 Feb 2001 23:31:00 -0800 (PST);
john.arnold@enron.com;
mike.maggi@enron.com;
daily charts and matrices as hot links 2/5;
Sun, 4 Feb 2001 23:30:00 -0800 (PST);
john.arnold@enron.com;
john.arnold@enron.com;
;
Wed, 25 Oct 2000 01:22:00 -0700 (PDT);
john.arnold@enron.com;
mike.maggi@enron.com;
Natural update;
Sun, 4 Feb 2001 13:15:00 -0800 (PST);
john.arnold@enron.com;
slafontaine@globalp.com;
Re: v/x;
Sun, 4 Feb 2001 13:13:00 -0800 (PST);
john.arnold@enron.com;
jerryrice@israd.2ndmail.com;
Remove;
Wed, 31 Jan 2001 08:43:00 -0800 (PST);
john.arnold@enron.com;
slafontaine@globalp.com;
Re: v/x;
Wed, 31 Jan 2001 08:41:00 -0800 (PST);
john.arnold@enron.com;
slafontaine@globalp.com;
Re: h/j;
Wed, 31 Jan 2001 04:28:00 -0800 (PST);
john.arnold@enron.com;
errol.mclaughlin@enron.com;
Re: Sherry;
Wed, 31 Jan 2001 02:58:00 -0800 (PST);
john.arnold@enron.com;
errol.mclaughlin@enron.com;
Re: Sherry;
Wed, 31 Jan 2001 00:44:00 -0800 (PST);
john.arnold@enron.com;
errol.mclaughlin@enron.com;
Re: Sherry;
Wed, 31 Jan 2001 00:24:00 -0800 (PST);
john.arnold@enron.com;
caroline.abramo@enron.com;
Re: smith barney AAA;
Tue, 30 Jan 2001 09:46:00 -0800 (PST);
john.arnold@enron.com;
ampaez@earthlink.net;
Re: Girlie Magazines;
Tue, 30 Jan 2001 09:39:00 -0800 (PST);
john.arnold@enron.com;
mike.maggi@enron.com;
daily charts, perpetual gasoline and nat gas strip matrix as hot links 10/25;
Wed, 25 Oct 2000 00:34:00 -0700 (PDT);
john.arnold@enron.com;
ina.rangel@enron.com;
Re: Access training - please respond;
Tue, 30 Jan 2001 05:05:00 -0800 (PST);
john.arnold@enron.com;
greg.whalley@enron.com;
Re:;
Mon, 29 Jan 2001 08:06:00 -0800 (PST);
john.arnold@enron.com;
ina.rangel@enron.com;
Eloy Escobar Review;
Fri, 26 Jan 2001 04:07:00 -0800 (PST);
john.arnold@enron.com;
andy.zipper@enron.com;
;
Wed, 24 Jan 2001 09:54:00 -0800 (PST);
john.arnold@enron.com;
andy.zipper@enron.com, jay.webb@enron.com;
;
Wed, 24 Jan 2001 09:51:00 -0800 (PST);
john.arnold@enron.com;
greg.whalley@enron.com;
;
Wed, 24 Jan 2001 09:49:00 -0800 (PST);
john.arnold@enron.com;
jennifer.fraser@enron.com;
Re:;
Wed, 24 Jan 2001 09:47:00 -0800 (PST);
john.arnold@enron.com;
dutch.quigley@enron.com;
KCS VPP;
Wed, 24 Jan 2001 01:48:00 -0800 (PST);
john.arnold@enron.com;
matthew.arnold@enron.com;
;
Wed, 24 Jan 2001 01:23:00 -0800 (PST);
john.arnold@enron.com;
matthew.arnold@enron.com;
;
Wed, 24 Jan 2001 01:22:00 -0800 (PST);
john.arnold@enron.com;
margaret.allen@enron.com;
Re:;
Wed, 25 Oct 2000 00:34:00 -0700 (PDT);
john.arnold@enron.com;
michael.byrne@americas.bnpparibas.com;
Re: BNP PARIBAS Commodity Futures Weekly AGA Survey;
Wed, 24 Jan 2001 00:07:00 -0800 (PST);
john.arnold@enron.com;
mike.maggi@enron.com;
daily charts and matrices as hot links 1/24;
Tue, 23 Jan 2001 23:13:00 -0800 (PST);
john.arnold@enron.com;
bill.white@enron.com;
;
Tue, 23 Jan 2001 00:10:00 -0800 (PST);
john.arnold@enron.com;
greg.whalley@enron.com, peter.keavey@enron.com;
;
Mon, 22 Jan 2001 13:37:00 -0800 (PST);
john.arnold@enron.com;
jennifer.shipos@enron.com;
;
Mon, 22 Jan 2001 13:30:00 -0800 (PST);
john.arnold@enron.com;
sarah.wesner@enron.com;
Re: Fimat;
Mon, 22 Jan 2001 10:57:00 -0800 (PST);
john.arnold@enron.com;
thomas.white@enron.com;
;
Mon, 22 Jan 2001 06:32:00 -0800 (PST);
john.arnold@enron.com;
jeffrey.shankman@enron.com;
;
Thu, 18 Jan 2001 02:41:00 -0800 (PST);
john.arnold@enron.com;
cacio@copergas.com.br;
Re: A SUPER 2001(from BRAZIL);
Wed, 17 Jan 2001 11:11:00 -0800 (PST);
john.arnold@enron.com;
ina.rangel@enron.com;
Spring Recruiting at Vanderbilt;
Wed, 17 Jan 2001 11:07:00 -0800 (PST);
john.arnold@enron.com;
russell.dyk@enron.com;
Re: CSFB Columbia/Appalachia Hedging Deal;
Tue, 24 Oct 2000 10:21:00 -0700 (PDT);
john.arnold@enron.com;
soblander@carrfut.com;
Re: Dinner this Thursday night?;
Wed, 17 Jan 2001 11:05:00 -0800 (PST);
john.arnold@enron.com;
klarnold@flash.net;
Re: Vanguard;
Wed, 17 Jan 2001 11:05:00 -0800 (PST);
john.arnold@enron.com;
liz.taylor@enron.com;
Re: Destiny's Child;
Wed, 17 Jan 2001 11:02:00 -0800 (PST);
john.arnold@enron.com;
ina.rangel@enron.com;
PLEASE NOTE THAT THE DATE FOR THE 1ST MEETING IS JANUARY 16;
Sat, 13 Jan 2001 12:58:00 -0800 (PST);
john.arnold@enron.com;
vince.kaminski@enron.com;
Re: Tiger Team meeting Jeff Shankman's officeCc: ina.rangel@enron.com;
Sat, 13 Jan 2001 12:58:00 -0800 (PST);
john.arnold@enron.com;
ina.rangel@enron.com;
;
Thu, 11 Jan 2001 15:29:00 -0800 (PST);
john.arnold@enron.com;
john.arnold@enron.com;
;
Thu, 11 Jan 2001 15:24:00 -0800 (PST);
john.arnold@enron.com;
klarnold@flash.net;
Re: okey dokey;
Thu, 11 Jan 2001 15:20:00 -0800 (PST);
john.arnold@enron.com;
jenwhite7@zdnetonebox.com;
Re:;
Thu, 11 Jan 2001 12:20:00 -0800 (PST);
john.arnold@enron.com;
slafontaine@globalp.com;
Re: ngas and economy;
Thu, 11 Jan 2001 12:16:00 -0800 (PST);
john.arnold@enron.com;
brian.hoskins@enron.com;
Re:;
Tue, 24 Oct 2000 10:15:00 -0700 (PDT);
john.arnold@enron.com;
stephen.piasio@ssmb.com;
Re: credit facility;
Thu, 11 Jan 2001 11:43:00 -0800 (PST);
john.arnold@enron.com;
klarnold@flash.net;
Re:;
Thu, 11 Jan 2001 07:00:00 -0800 (PST);
john.arnold@enron.com;
dutch.quigley@enron.com;
;
Thu, 11 Jan 2001 06:58:00 -0800 (PST);
john.arnold@enron.com;
jay.webb@enron.com, andy.zipper@enron.com;
;
Wed, 10 Jan 2001 06:51:00 -0800 (PST);
john.arnold@enron.com;
jeffrey.shankman@enron.com;
Re:;
Wed, 10 Jan 2001 00:25:00 -0800 (PST);
john.arnold@enron.com;
mike.maggi@enron.com;
daily charts and matrices as hot links 1/10;
Tue, 9 Jan 2001 23:42:00 -0800 (PST);
john.arnold@enron.com;
brian.o'rourke@enron.com;
Re: Yeah Monkey!!!!!!!!!!!!!!!!!!!!!!!!!!!;
Tue, 9 Jan 2001 09:25:00 -0800 (PST);
john.arnold@enron.com;
jeffrey.shankman@enron.com;
;
Tue, 9 Jan 2001 08:10:00 -0800 (PST);
john.arnold@enron.com;
ina.rangel@enron.com;
;
Wed, 3 Jan 2001 23:36:00 -0800 (PST);
john.arnold@enron.com;
dutch.quigley@enron.com;
Important - EOL Data;
Wed, 3 Jan 2001 08:12:00 -0800 (PST);
john.arnold@enron.com;
margaret.allen@enron.com;
;
Tue, 24 Oct 2000 10:11:00 -0700 (PDT);
john.arnold@enron.com;
john.griffith@enron.com;
;
Wed, 3 Jan 2001 08:10:00 -0800 (PST);
john.arnold@enron.com;
ed.mcmichael@enron.com;
Re:;
Wed, 3 Jan 2001 08:09:00 -0800 (PST);
john.arnold@enron.com;
greg.whalley@enron.com;
;
Wed, 3 Jan 2001 00:14:00 -0800 (PST);
john.arnold@enron.com;
klarnold@flash.net;
Re:;
Tue, 2 Jan 2001 13:07:00 -0800 (PST);
john.arnold@enron.com;
jeffrey.shankman@enron.com;
;
Tue, 2 Jan 2001 13:05:00 -0800 (PST);
john.arnold@enron.com;
ed.mcmichael@enron.com;
;
Tue, 2 Jan 2001 13:04:00 -0800 (PST);
john.arnold@enron.com;
edie.leschber@enron.com;
Re: Financial Group - Gas Team;
Tue, 2 Jan 2001 13:01:00 -0800 (PST);
john.arnold@enron.com;
enews@mail.pipingtech.com;
Re: 24x7 Emergency Services;
Tue, 2 Jan 2001 09:16:00 -0800 (PST);
john.arnold@enron.com;
john.lavorato@enron.com;
;
Tue, 2 Jan 2001 08:23:00 -0800 (PST);
john.arnold@enron.com;
motaylor@grantthornton.ca;
Re: Site Location Advisory Service;
Tue, 2 Jan 2001 06:18:00 -0800 (PST);
john.arnold@enron.com;
ina.rangel@enron.com;
Re: Login ID's needed;
Tue, 24 Oct 2000 10:03:00 -0700 (PDT);
john.arnold@enron.com;
john.lavorato@enron.com;
Re:;
Mon, 1 Jan 2001 23:57:00 -0800 (PST);
john.arnold@enron.com;
mike.maggi@enron.com;
Re:;
Mon, 1 Jan 2001 09:31:00 -0800 (PST);
john.arnold@enron.com;
mike.maggi@enron.com;
;
Mon, 1 Jan 2001 08:55:00 -0800 (PST);
john.arnold@enron.com;
edie.leschber@enron.com;
Re: Gas Team - Reorg;
Mon, 1 Jan 2001 08:36:00 -0800 (PST);
john.arnold@enron.com;
john.lavorato@enron.com;
Re:;
Mon, 1 Jan 2001 08:36:00 -0800 (PST);
john.arnold@enron.com;
torrey.moorer@enron.com;
;
Thu, 28 Dec 2000 23:31:00 -0800 (PST);
john.arnold@enron.com;
torrey.moorer@enron.com;
;
Thu, 28 Dec 2000 23:14:00 -0800 (PST);
john.arnold@enron.com;
jennifer.fraser@enron.com;
Re: NG YEAR ENd Quiz;
Thu, 28 Dec 2000 23:07:00 -0800 (PST);
john.arnold@enron.com;
caroline.abramo@enron.com;
Re: fund views;
Thu, 28 Dec 2000 04:52:00 -0800 (PST);
john.arnold@enron.com;
jennifer.fraser@enron.com;
Re: End of the YEar;
Thu, 28 Dec 2000 04:52:00 -0800 (PST);
john.arnold@enron.com;
andy.zipper@enron.com;
Re: Sunday;
Tue, 24 Oct 2000 10:03:00 -0700 (PDT);
john.arnold@enron.com;
jennifer.fraser@enron.com;
Re: NG YEAR ENd Quiz;
Thu, 28 Dec 2000 04:50:00 -0800 (PST);
john.arnold@enron.com;
jennifer.shipos@enron.com;
Re: Vegas;
Thu, 28 Dec 2000 04:43:00 -0800 (PST);
john.arnold@enron.com;
kenneth.thibodeaux@enron.com;
Re: 12/26 and 12/27 Maturity Gap Risk Limit Violation;
Thu, 28 Dec 2000 04:42:00 -0800 (PST);
john.arnold@enron.com;
dutch.quigley@enron.com;
;
Wed, 27 Dec 2000 06:56:00 -0800 (PST);
john.arnold@enron.com;
stephanie.sever@enron.com;
Re: ICECc: dutch.quigley@enron.com;
Tue, 26 Dec 2000 11:35:00 -0800 (PST);
john.arnold@enron.com;
john.lavorato@enron.com;
;
Tue, 26 Dec 2000 11:34:00 -0800 (PST);
john.arnold@enron.com;
jennifer.fraser@enron.com;
Re: NG Expiry;
Tue, 26 Dec 2000 11:03:00 -0800 (PST);
john.arnold@enron.com;
john.lavorato@enron.com;
Re:;
Mon, 25 Dec 2000 13:17:00 -0800 (PST);
john.arnold@enron.com;
john.lavorato@enron.com;
Re:;
Mon, 25 Dec 2000 13:16:00 -0800 (PST);
john.arnold@enron.com;
slafontaine@globalp.com;
Re: Plants Shut Down and Sell the Energy;
Fri, 22 Dec 2000 10:29:00 -0800 (PST);
john.arnold@enron.com;
catherine.pernot@enron.com;
Re: EIM Due Diligence: Nymex, Enron Gas Data;
Mon, 11 Dec 2000 09:12:00 -0800 (PST);
john.arnold@enron.com;
tammy.shepperd@enron.com;
Re: Gas Org Chart;
Tue, 24 Oct 2000 09:07:00 -0700 (PDT);
john.arnold@enron.com;
phillip.allen@enron.com;
Plants Shut Down and Sell the Energy;
Thu, 21 Dec 2000 23:26:00 -0800 (PST);
john.arnold@enron.com;
jennifer.shipos@enron.com;
Re:;
Thu, 21 Dec 2000 06:40:00 -0800 (PST);
john.arnold@enron.com;
jennifer.fraser@enron.com;
Re: APIs;
Wed, 20 Dec 2000 08:56:00 -0800 (PST);
john.arnold@enron.com;
jeanie.slone@enron.com;
Re: confidential employee information-dutch quigley;
Tue, 19 Dec 2000 08:55:00 -0800 (PST);
john.arnold@enron.com;
ina.rangel@enron.com;
;
Mon, 18 Dec 2000 09:19:00 -0800 (PST);
john.arnold@enron.com;
ina.rangel@enron.com;
Greetings from GARP - Mark your Calendars;
Mon, 18 Dec 2000 09:08:00 -0800 (PST);
john.arnold@enron.com;
andy.zipper@enron.com;
;
Mon, 18 Dec 2000 07:36:00 -0800 (PST);
john.arnold@enron.com;
ina.rangel@enron.com;
Re: FLU Vaccinations;
Mon, 18 Dec 2000 02:57:00 -0800 (PST);
john.arnold@enron.com;
jenwhite7@zdnetonebox.com;
Re: O COME ALL YE FABULOUS!;
Fri, 15 Dec 2000 05:17:00 -0800 (PST);
john.arnold@enron.com;
jenwhite7@zdnetonebox.com;
Re: O COME ALL YE FABULOUS!;
Fri, 15 Dec 2000 03:33:00 -0800 (PST);
john.arnold@enron.com;
jennifer.burns@enron.com;
Re:;
Mon, 23 Oct 2000 10:00:00 -0700 (PDT);
john.arnold@enron.com;
brian.hoskins@enron.com;
Re: Create a new NT group;
Mon, 23 Oct 2000 04:00:00 -0700 (PDT);
john.arnold@enron.com;
jenwhite7@zdnetonebox.com;
Re:;
Mon, 23 Oct 2000 03:59:00 -0700 (PDT);
john.arnold@enron.com;
mike.maggi@enron.com;
Re:;
Mon, 23 Oct 2000 00:42:00 -0700 (PDT);
john.arnold@enron.com;
jennifer.burns@enron.com;
Re:;
Mon, 23 Oct 2000 00:30:00 -0700 (PDT);
john.arnold@enron.com;
jenwhite7@zdnetonebox.com;
;
Sun, 22 Oct 2000 11:31:00 -0700 (PDT);
john.arnold@enron.com;
wsx@wsx.wsex.com;
Re: (no subject);
Sun, 22 Oct 2000 11:28:00 -0700 (PDT);
john.arnold@enron.com;
jennifer.burns@enron.com;
Re:;
Sun, 22 Oct 2000 11:26:00 -0700 (PDT);
john.arnold@enron.com;
andy.zipper@enron.com;
;
Sun, 22 Oct 2000 11:23:00 -0700 (PDT);
john.arnold@enron.com;
slafontaine@globalp.com;
re:summer inverses;
Mon, 11 Dec 2000 09:04:00 -0800 (PST);
john.arnold@enron.com;
adam.r.bayer@vanderbilt.edu;
Re: How are you today;
Sun, 22 Oct 2000 10:52:00 -0700 (PDT);
john.arnold@enron.com;
rgcurry@mihc.com.mx;
Re: Mexico Industrial;
Sun, 22 Oct 2000 10:30:00 -0700 (PDT);
john.arnold@enron.com;
ina.rangel@enron.com;
Recruiting Expenses;
Sat, 14 Oct 2000 10:25:00 -0700 (PDT);
john.arnold@enron.com;
jennifer.shipos@enron.com;
Re:;
Fri, 20 Oct 2000 08:25:00 -0700 (PDT);
john.arnold@enron.com;
john.lavorato@enron.com;
;
Thu, 19 Oct 2000 02:13:00 -0700 (PDT);
john.arnold@enron.com;
jenwhite7@zdnetonebox.com;
Re: Look at what I found;
Thu, 19 Oct 2000 01:01:00 -0700 (PDT);
john.arnold@enron.com;
rajib.saha@enron.com;
;
Thu, 19 Oct 2000 00:59:00 -0700 (PDT);
john.arnold@enron.com;
michael.byrne@americas.bnpparibas.com;
Re: BNP PARIBAS Commodity Futures Weekly AGA Survey;
Wed, 18 Oct 2000 02:47:00 -0700 (PDT);
john.arnold@enron.com;
ina.rangel@enron.com;
Vanderbilt presentation;
Fri, 29 Sep 2000 08:31:00 -0700 (PDT);
john.arnold@enron.com;
ina.rangel@enron.com;
;
Tue, 17 Oct 2000 14:01:00 -0700 (PDT);
john.arnold@enron.com;
slafontaine@globalp.com;
Re: mkts;
Tue, 17 Oct 2000 12:12:00 -0700 (PDT);
john.arnold@enron.com;
ina.rangel@enron.com;
Video for Enron Management Conference;
Tue, 17 Oct 2000 11:59:00 -0700 (PDT);
